"user_id","status_id","created_at","text",,
"x1007330705049780224","x1356121939241218057","2021-02-01 06:07:20","@GavinWax Mine was Zinga. It‚Äôs been doing well.",,
"x1007330705049780224","x1356121601486499840","2021-02-01 06:05:59","@Sharie17106528 @RaheemKassam @stlnancio &amp"," research the unsealed Virginia Guiffre deposition documents.",
"x1007330705049780224","x1356120365605515264","2021-02-01 06:01:05","@Sharie17106528 @RaheemKassam @stlnancio Stop with the misinformation already. https://t.co/O1cawILD6d",,
"x1007330705049780224","x1356119784069476358","2021-02-01 05:58:46","@SuzanneMParis1 @ryan_vanbuskirk @RaheemKassam https://t.co/ARFge6z8LY",,
"x1007330705049780224","x1356119630725701632","2021-02-01 05:58:10","Being anti-Trump sure does correlate heavily with being a pedophile ü§≠",,
"x1007330705049780224","x1356119620198027264","2021-02-01 05:58:07","Don‚Äôt forget BLM! https://t.co/Z3K2sOWBbT",,
"x1007330705049780224","x1356118947821727746","2021-02-01 05:55:27","I mean... but what if it was DJT? That would be awesome, wouldn‚Äôt it üòÖüòÖüòÖ @MarkDice https://t.co/GT34dpfNHH",,
"x1007330705049780224","x1356118493230456832","2021-02-01 05:53:38","Good riddance. https://t.co/4iYiOK0QmA",,
"x1007330705049780224","x1356112262688350208","2021-02-01 05:28:53","https://t.co/zv3hxlbknL",,
"x1007330705049780224","x1356112091103571969","2021-02-01 05:28:12","@GavinWax @Liz_Cheney She sounds like a straight up Leftist. Smh.",,
"x1007330705049780224","x1356111504429510657","2021-02-01 05:25:52","So Winnie the Pooh can get 2 pipelines built in an entirely different country, but Democrats stop our Keystone XL &amp; kill thousands of jobs along with it? 

This is why we‚Äôre gonna lose... https://t.co/VsJNQW8ECK",,
"x1007330705049780224","x1356110254950514688","2021-02-01 05:20:54","What‚Äôs worse and more overplayed?",,
"x1007330705049780224","x1356109333394837505","2021-02-01 05:17:15","@HoosLookin @Redskin_girlnm @StephenKing https://t.co/uvs3hJdA3D",,
"x1007330705049780224","x1355966892385726469","2021-01-31 19:51:14","""They want us to bail them out, they want Janet Yellen to make phone calls for them, they want to shut down trading. Are you kidding me?""

""These schmucks in Wall Street or Greenwich can do whatever the hell they want to do with no repercussions.""

Speech at @NYYRC rally today. https://t.co/Nm3gpzNvFa",,
"x1007330705049780224","x1355737104484081666","2021-01-31 04:38:08","@CassandraRules I haven‚Äôt purchased Gillette, or Nike for that matter, in a long time.",,
"x1007330705049780224","x1355416804454227968","2021-01-30 07:25:23","Black Mirror is looking more &amp"," more like prophesy than fiction. https://t.co/8kJNSbfDhk",
"x1007330705049780224","x1355415483101675524","2021-01-30 07:20:08","Took the words right out of my mouth. https://t.co/A1UXYK9gNa",,
"x1007330705049780224","x1355415190267981824","2021-01-30 07:18:58","America is already regretting the Joe Biden Presidency.",,
"x1007330705049780224","x1355411970703433728","2021-01-30 07:06:10","GET ‚ÄòEM!! https://t.co/b2G5xpe6DY",,
"x1007330705049780224","x1355409748577939458","2021-01-30 06:57:21","Finally we hear about these damn pipe bombs. But now who planted them? https://t.co/26RRfEM9so",,
"x1007330705049780224","x1355409361443688449","2021-01-30 06:55:48","So I see the Ruling Class has moved to the ‚ÄúRedditors are domestic terrorists‚Äù phase https://t.co/qsDSWX0DnJ",,
"x1007330705049780224","x1355406541978001408","2021-01-30 06:44:36","@stillgray Her job was literally to.... you know what, never mind üôÑüö∂üèΩ‚Äç‚ôÇÔ∏è",,
"x1007330705049780224","x1355406219930963968","2021-01-30 06:43:19","ü§£ https://t.co/9MDvgzJpkw",,
"x1007330705049780224","x1355406184417796104","2021-01-30 06:43:11","John Brennan has added ""gamers who buy stonks"" to his list of domestic terror groups",,
"x1007330705049780224","x1355404995475230721","2021-01-30 06:38:27","‚ÄúDogecoin is bad investment because its not backed by anything of value‚Äù

Oh you mean like the USD?",,
"x1007330705049780224","x1355404989464797184","2021-01-30 06:38:26","#RobinHood and mistaken identity.üèπ https://t.co/Xef4ndHaoV",,
"x1007330705049780224","x1355404260796739585","2021-01-30 06:35:32","Dependence on government is slavery.",,
"x1007330705049780224","x1355401771141767168","2021-01-30 06:25:39","We live in a real upside down world... https://t.co/3ycdp4JX3c",,
"x1007330705049780224","x1355240545124294656","2021-01-29 19:44:59","They want you to sell your $gme $nakd $nok and $amc because they won‚Äôt let you buy it back.  Don‚Äôt let the crooks win @RobinhoodApp",,
"x1007330705049780224","x1355240100867813376","2021-01-29 19:43:13","And your solution is for us to give up our money, properties &amp; freedoms to big daddy government. Hard pass. https://t.co/DWLiYhKkoC",,
"x1007330705049780224","x1355239334778200069","2021-01-29 19:40:11","@SenSanders Wall Street and Bernie want socialism.

That is the fraud.

The business model is a lack of a free market.

The solution is free market capitalism.",,
"x1007330705049780224","x1355191863075082245","2021-01-29 16:31:33","@WSBChairman Take a üëÄ at $AMC gents! Beautiful!",,
"x1007330705049780224","x1355191634443563014","2021-01-29 16:30:38","@B_lud @theRedditTrader @WSBChairman You can transfer your securities to other platforms @B_lud via E*trade, Fidelity, Charles Schwab, Scottrade, to name a few. They have a Transfer Account option where you can add the account &amp; list which individual securities you wish to transfer.",,
"x1007330705049780224","x1355189706271711233","2021-01-29 16:22:58","Already started the process to transfer all of my securities out of @Robinhood. https://t.co/93vPi9z81l",,
"x1007330705049780224","x1355080754536001539","2021-01-29 09:10:02","$GME $AMC $DOGE hold the line https://t.co/IlFtc2SbHK",,
"x1007330705049780224","x1355038565110075392","2021-01-29 06:22:23","We have free markets like we have free press, free elections and free speech.",,
"x1007330705049780224","x1355036823874113537","2021-01-29 06:15:28","@reddittrading AMC?",,
"x1007330705049780224","x1355036595347468288","2021-01-29 06:14:34","@reddittrading $AMC tomorrow morning üöÄüöÄ https://t.co/1aE0XKkhD7",,
"x1007330705049780224","x1355034013010898945","2021-01-29 06:04:18","We ain't sellin.",,
"x1007330705049780224","x1355032952816758788","2021-01-29 06:00:05","@stoolpresidente is the hero we need, not the hero we deserve. https://t.co/jjmthoD44b",,
"x1007330705049780224","x1355031225275191301","2021-01-29 05:53:14","Spitting facts @stoolpresidente # https://t.co/DQE65Nf4NZ",,
"x1007330705049780224","x1355030162539216896","2021-01-29 05:49:00","In memes we trust https://t.co/36KyYulUDc",,
"x1007330705049780224","x1355029321505771521","2021-01-29 05:45:40","@vladtenev is getting ratio‚Äôd so hard &amp"," I‚Äôm all here for it üòÜüçø https://t.co/ZXN5r3dA02",
"x1007330705049780224","x1355028489955631104","2021-01-29 05:42:21","These MFers are worse than the Cartel. Can someone confirm this? https://t.co/nRbLG96yjN",,
"x1007330705049780224","x1355028111491006466","2021-01-29 05:40:51","@DavesGR8Journey https://t.co/LiTzP8lX3L",,
"x1007330705049780224","x1355027922520834048","2021-01-29 05:40:06","Twitter is lit üî• right now üòÜü•µ https://t.co/riXCkccd2y",,
"x1007330705049780224","x1355027191793414144","2021-01-29 05:37:12","https://t.co/WZ8i7e7rQI https://t.co/CgFtMTaivt",,
"x1007330705049780224","x1355026490803576838","2021-01-29 05:34:25","@drefanzor @BlackFlagArmy10 https://t.co/cgKn2YL0Yz",,
"x1007330705049780224","x1355026195524571141","2021-01-29 05:33:14","Emmanuela Goldstein üëÅ https://t.co/C6F5K5Zbhb",,
"x1007330705049780224","x1355025512918360071","2021-01-29 05:30:32","@AOC AOC just put a target on Ted Cruz's back for her Antifa and BLM foot soldiers to do the dirty work. ""Who will relieve me of this meddlesome Senator.""  Typical Marxist engaging in Stochastic terrorism.",,
"x1007330705049780224","x1355025148651462657","2021-01-29 05:29:05","üöÄ üåù https://t.co/lOcySzk4vJ",,
"x1007330705049780224","x1355025055152009218","2021-01-29 05:28:42","Relax guys! It‚Äôs just an idea! üôÑ https://t.co/Yf74aT5EAc",,
"x1007330705049780224","x1355024887618875392","2021-01-29 05:28:03","@youwokeapatriot @ElijahSchaffer Ok thanks for clearing that up. https://t.co/7DY8nGJMrU",,
"x1007330705049780224","x1355024512983703552","2021-01-29 05:26:33","THESE HANDS IS HEAVY!!! https://t.co/lZVhhyaaFF",,
"x1007330705049780224","x1355023108600696832","2021-01-29 05:20:58","@ElijahSchaffer What?",,
"x1007330705049780224","x1355021941191618561","2021-01-29 05:16:20","@ToddKrieger1 https://t.co/KlVYPHSAtm",,
"x1007330705049780224","x1355021752410189828","2021-01-29 05:15:35","Why does he look like the epi pen price gouging guy? 

What was his damn name ü§îü§îü§î https://t.co/yea0sBJszj",,
"x1007330705049780224","x1355021281360543744","2021-01-29 05:13:43","Who do I talk to about the 16th Amendment? https://t.co/bYDTx6SKGL",,
"x1007330705049780224","x1355020768913055744","2021-01-29 05:11:41","https://t.co/GbWDjMVu60 https://t.co/SEwKK0P8jw",,
"x1007330705049780224","x1355017995920289795","2021-01-29 05:00:39","&amp"," our corrupt Establishment government is on deck ready to run defense for Big Tech &amp"," Wall Street. https://t.co/oGrCrARXME"
"x1007330705049780224","x1355016593143689216","2021-01-29 04:55:05","A baby clown. https://t.co/Q8PkLqiK9A",,
"x1007330705049780224","x1354982511353483264","2021-01-29 02:39:39","@DogecoinRise üòÇ",,
"x1007330705049780224","x1354977150844153859","2021-01-29 02:18:21","Joe Biden WILL run defense for Wall Street. TAKE THAT TO THE BANK. Donald Trump NEVER would have. https://t.co/vUcaZgP9kF",,
"x1007330705049780224","x1354976861470810120","2021-01-29 02:17:12","Omg it keeps getting better üòÇ https://t.co/CEk1cm8mHL https://t.co/dbbbTO88qQ",,
"x1007330705049780224","x1354976627193737223","2021-01-29 02:16:16","@casedd76 @GavinWax They don‚Äôt know what we believe. They‚Äôve never taken the time to listen, learn, understand. Many of them make caricatures of their opposition &amp; in many instances project out their own beliefs.",,
"x1007330705049780224","x1354970304733466624","2021-01-29 01:51:09","They‚Äôre really gonna milk this alt-right nonsense dry, aren‚Äôt they... üòÇ https://t.co/5YCMedGDOh",,
"x1007330705049780224","x1354970070267654151","2021-01-29 01:50:13","Destroy Cuomo‚Äôs career &amp"," legacy. He‚Äôs one of the worst governors we‚Äôve ever had. He legit has blood on his hands. End him. https://t.co/s209l19XsG",
"x1007330705049780224","x1354969210762498057","2021-01-29 01:46:48","Are you saying that Conservatives should decide on whether a baby lives or dies based on their potential political leaning? That‚Äôs such a messed up way of thinking. Life is sacred. End of story. https://t.co/3e5qTxG3xD",,
"x1007330705049780224","x1354966280386785287","2021-01-29 01:35:09","The Democrats don‚Äôt JUST control:

- The House
- The Senate, and
- The White House.

They ALSO control:

- The Mainstream Media
- Colleges and Universities
- Hollywood, and 
- Big Tech.",,
"x1007330705049780224","x1354964711842971649","2021-01-29 01:28:55","&amp; @tedcruz shows us once again why he is among the wisest politicians in elected office. I don‚Äôt always see eye to eye w/ him, but he consistently makes an effort to put country over partisanship. https://t.co/TKDsxbpetl",,
"x1007330705049780224","x1354964078486298626","2021-01-29 01:26:24","And just like that @AOC shows us once again that she‚Äôs a petulant child who never misses an opportunity to play victim &amp"," virtue-signal. https://t.co/s91XQWG2RS",
"x1007330705049780224","x1354911996651708416","2021-01-28 21:59:27","First Big Tech censored conservatives.

Now it appears Big Tech is colluding with Wall Street to bailout hedge funds after private investors beat them at their own game. 

Congress should subpoena Robinhood &amp; anyone involved with the GameStop halt &amp; make them explain themselves.",,
"x1007330705049780224","x1354880066761748481","2021-01-28 19:52:35","Half of me is enjoying watching people regret their Biden vote. 

The other half of me is like, ‚Äúhahaha but also we‚Äôre all fucked‚Äù https://t.co/YAfQeqxxII https://t.co/iC9vksqVjM",,
"x1007330705049780224","x1354877511134564359","2021-01-28 19:42:25","There‚Äôs a difference between Capitalism &amp; Crony Capitalism. &amp; the folks who get conned into clamoring for Socialism are like sheep be led to slaughter.

MAY THE SHEEPLE WAKE UP. https://t.co/OWw37Rw3Xu",,
"x1007330705049780224","x1354877316812464133","2021-01-28 19:41:39",".@NYYRC will be staging a protest in Zuccotti Park to re-occupy Wall Street.

We are sick &amp; tired of bailing out the fat cats and hedge funds for their own mistakes while they stomp on the little guy for trying to make a buck. 

This is not capitalism. 

https://t.co/C9lxW5g4Wf",,
"x1007330705049780224","x1354877276253544449","2021-01-28 19:41:29","BREAKING: New York Young Republicans staging a protest in Zuccotti Park to Re-Occupy Wall Street @GavinWax",,
"x1007330705049780224","x1354874656134672384","2021-01-28 19:31:05","How‚Äôs that #BuildBackBetter feeling so far? #buyersremorse",,
"x1007330705049780224","x1354874534856437772","2021-01-28 19:30:36","Joe Biden WILL run defense for Wall Street. TAKE THAT TO THE BANK. Donald Trump NEVER would have. https://t.co/vUcaZgP9kF",,
"x1007330705049780224","x1354873889445310465","2021-01-28 19:28:02","Thank you!!! https://t.co/thlLvSyGyp",,
"x1007330705049780224","x1354873794284957700","2021-01-28 19:27:39","@WSBChairman https://t.co/gCVnn2qJje",,
"x1007330705049780224","x1354873536242987013","2021-01-28 19:26:38","LMAO at this entire thread. GET OWNED ü§£ü§£ü§£ https://t.co/gu3E1qrStS",,
"x1007330705049780224","x1354808041707724802","2021-01-28 15:06:22","@abidesthelaw @JackPosobiec I heard George Carlin‚Äôs voice. Like in my ear.",,
"x1007330705049780224","x1354692630270062594","2021-01-28 07:27:46","@Slasher Influencing the stock market is only bad when the poors do it.",,
"x1007330705049780224","x1354248362535624708","2021-01-27 02:02:25","446th &amp; 447th illegal immigrant pedophile arrested since Jan. 2019.

CA: ICE arrests 2 registered child sex offenders who preyed on children in neighboring communities.

Oscar Daniel Munoz-Valdez, 40, and Pedro Antonio Hernandez-Aparicio, 35, arrested.
https://t.co/ZkVyjnj3JG",,
"x1007330705049780224","x1354248181056499717","2021-01-27 02:01:41","Here's A Complete List Of Fascist Dictators Who Were Democratically Voted Out Of Power https://t.co/H5Dk2acuVS",,
"x1007330705049780224","x1354110931870035968","2021-01-26 16:56:18","The Twitter Nazi‚Äôs have disabled @BrandonStraka‚Äôs retweet capabilities who‚Äôs the FBI has made him a political prisoner. Why? Because he‚Äôs an effective threat to their power! 

Give Brandon a follow if you haven‚Äôt already. ALL HANDS ON DECK! Let‚Äôs support this hero. #WALKAWAY",,
"x1007330705049780224","x1353941626117382144","2021-01-26 05:43:33","If minimum wage increases can create prosperity, why can‚Äôt developing countries just legislate their way to higher incomes?",,
"x1007330705049780224","x1353938813102526469","2021-01-26 05:32:22","THE BEST POTUS OF MY LIFETIME SHALL HAVE MY COMPLETE LOYALTY. THE DERANGED WILL CONTINUE TO TRY TO CRUCIFY HIM. &amp; I WILL DOUBLE &amp; TRIPLE DOWN ON MY LOYALTY. 

WHO‚ÄôS WITH ME? 

#DonaldJTrump 
#AmericaFirst https://t.co/5oyXUmqkqV",,
"x1007330705049780224","x1353934200169254912","2021-01-26 05:14:02","52% Say Biden‚Äôs Paris Climate Agreement Decision Will Mean Lost Jobs, Higher Bills... https://t.co/v35G1nzXIj #BreakingPoll https://t.co/PoLbtoerfn",,
"x1007330705049780224","x1353933999031332864","2021-01-26 05:13:14","Sixty-six percent (66%) of voters believe the nation is headed down the wrong track, down six points from a week ago... https://t.co/xyfANR1H0T https://t.co/Iq9GF7mSut",,
"x1007330705049780224","x1353863957371625475","2021-01-26 00:34:55","THE BEST POTUS OF MY LIFETIME SHALL HAVE MY COMPLETE LOYALTY. THE DERANGED WILL CONTINUE TO TRY TO CRUCIFY HIM. &amp; I WILL DOUBLE &amp; TRIPLE DOWN ON MY LOYALTY. 

WHO‚ÄôS WITH ME? 

#DonaldJTrump 
#AmericaFirst https://t.co/5oyXUmqkqV",,
"x1007330705049780224","x1353861672767729666","2021-01-26 00:25:50","Let‚Äôs get to work. Whatever we gotta do for the Patriot movement, we shall do. #AmericaFirst https://t.co/QciPBqS0r1 https://t.co/3FPDt79bbE",,
"x1007330705049780224","x1353860960323305474","2021-01-26 00:23:01","Joe Biden has only been President for 5 days and the Democrats are already doing things they called Trump a MURDERER and a RACIST for supporting: ending lockdowns, opening up schools, and restricting travel. I guess it's safe to say Joe Biden is a mass murdering racist, right? ü§î",,
"x1007330705049780224","x1353860879121608704","2021-01-26 00:22:41","Impeachment is the zenith of cancel culture.",,
"x1007330705049780224","x1353834021646692353","2021-01-25 22:35:58","@T_Gutty @DrewHLive ABC is trash too",,
"x1007330705049780224","x1353774521858322433","2021-01-25 18:39:32","@DrewHLive It‚Äôs TMZ. Known trash. What did you expect lol",,
"x1007330705049780224","x1353774332984569856","2021-01-25 18:38:47","The man really has ruined our international image RIP üòÇ üá®üá¶ 

A message to Justin Trudeau from an Australian. https://t.co/ZbAsR0DNFb",,
"x1007330705049780224","x1353774054956785666","2021-01-25 18:37:41","This is welcoming news. I hope ICE continues to oppose the Biden Installation &amp"," deport illegal aliens who commit crimes in our country. Don‚Äôt comply with unconstitutional directives. Period. https://t.co/QfMYDFhSvm",
"x1007330705049780224","x1353756989525028867","2021-01-25 17:29:52","Trump won. ‚ÄúBreaking: Peter Navarro, Member Of Trump‚Äôs Team, Just Dropped A Massive Report On Election Fraud That Proves Trump Won | Tea Party https://t.co/pgrdPUX9Ue",,
"x1007330705049780224","x1353755952315568129","2021-01-25 17:25:45","He‚Äôs back üëÄüëÄüëÄ https://t.co/9sF3Z479XG",,
"x1007330705049780224","x1353720729439784961","2021-01-25 15:05:47","There‚Äôs $$$ in war. Globalists depend on it. That‚Äôs why they wanted Trump out. Y‚Äôall Liberal Doofeys who voted for Biden will understand real soon. https://t.co/bIDYDkFu2W",,
"x1007330705049780224","x1353720545959944200","2021-01-25 15:05:03","CCP flexing their muscles under a Biden Installation. Surprise surprise... https://t.co/3gVrlV0DD7",,
"x1007330705049780224","x1353720163733041152","2021-01-25 15:03:32","@ScoonTv That‚Äôs a precocious neophyte right there",,
"x1007330705049780224","x1353696443270393857","2021-01-25 13:29:17","@Alyssa_Milano @tedcruz Ted Cruz is one of the best Conservatives we are blessed to have serving in public office.",,
"x1007330705049780224","x1353695939924553728","2021-01-25 13:27:17","It‚Äôs almost as if the majority of Americans didn‚Äôt even vote for this geriatric... https://t.co/d7vYdZEMmI",,
"x1007330705049780224","x1353695321923182601","2021-01-25 13:24:49","The founding fathers probably did not foresee a time when the greatest advocates for limiting freedom of the press would be members of the press. But here we are. https://t.co/PmMirhVi9d",,
"x1007330705049780224","x1353488276750028802","2021-01-24 23:42:06","But breasts ARE more attractive than balls... https://t.co/h7DDHcSzrC",,
"x1007330705049780224","x1353488001171652610","2021-01-24 23:41:00","@Llboilly @Slatzism The entire point - even for those proponents who don‚Äôt realize it yet - is to achieve a world of meaninglessness.",,
"x1007330705049780224","x1353487219563098113","2021-01-24 23:37:54","Our fight is really against ideological supremacy. Well said @obianuju. https://t.co/CxzcoVgk5l",,
"x1007330705049780224","x1353485376611037187","2021-01-24 23:30:34","I introduced 3 bills this week:

1. A bill to prevent funding for the Paris Accord.

2. A bill to halt funding to the WHO until we hold them accountable for their role in COVID.

3. A bill to overturn Biden‚Äôs Mask mandate.

Biden can try to ruin our country, but I will push back.",,
"x1007330705049780224","x1353482437209239552","2021-01-24 23:18:54","JUST IN: Tom Brady's Tampa Bay Buccaneers beat the Green Bay Packers to reach the Super Bowl, the legendary quarterback's tenth.",,
"x1007330705049780224","x1353482188877135876","2021-01-24 23:17:54","@CassandraRules Bidens inauguration                   Trump's https://t.co/f6CFLFtLS0",,
"x1007330705049780224","x1353423034397433856","2021-01-24 19:22:51","This tells you a lot about corporations‚Äô trust in mail-in ballots. https://t.co/0zjKTBc0im",,
"x1007330705049780224","x1353420709935116288","2021-01-24 19:13:37","@ALittleWry @kathygriffin And she‚Äôs lucky she didn‚Äôt get charged with threatening a sitting US POTUS. She could‚Äôve easily been arrested on a federal felony count or have been sued into oblivion. She should consider herself fortunate &amp"," move the hell on.",
"x1007330705049780224","x1353420055695011845","2021-01-24 19:11:01","@kathygriffin You held up the decapitated head of a sitting US POTUS. In what way is publicly condemning you for it somehow misogynistic? You‚Äôre lucky you didn‚Äôt get tried for a federal felony.",,
"x1007330705049780224","x1353418952072814596","2021-01-24 19:06:38","You held up a bloody, decapitated head of the President https://t.co/JqA2ROYlmA",,
"x1007330705049780224","x1353418394113089536","2021-01-24 19:04:25","https://t.co/Dbetp0f650",,
"x1007330705049780224","x1353397005150785536","2021-01-24 17:39:25","So far under Biden 

-ISIS miraculously appeared again 
-We are back to sending military convoys to the Middle East 
-Drug prices were raised for the most vulnerable 
-energy prices rose 
-some of the highest COVID death rates 
-thousands of union jobs killed

&amp; it‚Äôs only day 5",,
"x1007330705049780224","x1353394709230727168","2021-01-24 17:30:18","@RaquelEvita @Wolfe321 @nytimes If we want to build trust between the public &amp; journalists, I recommend journalists make an effort to be less bias - to show less favoritism - and focus on objectivity. The public should show appreciation for a journalist that makes this effort even if they don‚Äôt agree with them.",,
"x1007330705049780224","x1353391868994850817","2021-01-24 17:19:01","So...
- biological men will dominate women‚Äôs sports
- insulin getting more expensive
- gas getting more expensive
- the Chinese communist party will have control over our power grid
- tens of thousands of jobs lost bc of keystone pipeline

Am I missing anything?",,
"x1007330705049780224","x1353208778796249089","2021-01-24 05:11:28","This Tweet from @andres_glr has been withheld in response to a report from the copyright holder. Learn more.",,
"x1007330705049780224","x1352995915469119493","2021-01-23 15:05:38","It‚Äôs nice to see how the Biden Installation magically cured COVID. All businesses are magically opening back up. No more lockdowns! It‚Äôs a new day! 

iZ nOt PuLiTiKuL u GuYz ü•¥",,
"x1007330705049780224","x1352992540656607232","2021-01-23 14:52:13","@KristinMozart @hrtablaze What would be going through your mind?",,
"x1007330705049780224","x1352992501267918854","2021-01-23 14:52:04","@KristinMozart @hrtablaze Suppose you found a weird sexual note in your significant other‚Äôs coat pocket &amp; it‚Äôs not yours. You confront them about it, but instead of quelling your concerns, they become highly defensive, shout you down &amp; threaten to silence you if you ever mention it again...",,
"x1007330705049780224","x1352991549584519168","2021-01-23 14:48:17","@KristinMozart @hrtablaze There were high irregularities, near impossible statistical anomalies &amp; suspicious activities ongoing during the 2020 election. &amp; the fact that Democrats, ‚Äúfact-checkers,‚Äù mainstream media &amp; tech outlets worked feverishly to suppress investigation or insight doesn‚Äôt build trust.",,
"x1007330705049780224","x1352990617928871938","2021-01-23 14:44:35","Correct. All of his rushed executive orders scream, ‚ÄúIMA PUPPET!!!!‚Äù https://t.co/Kax4cU7W1D",,
"x1007330705049780224","x1352990318426271744","2021-01-23 14:43:23","I‚Äôll put a mask on when you start eating clean &amp"," join a gym. Deal? https://t.co/AFcHdOw3vc",
"x1007330705049780224","x1352988703141015554","2021-01-23 14:36:58","uNiTy ü•¥ü§°",,
"x1007330705049780224","x1352988548727787521","2021-01-23 14:36:21","Waiting to see how many of you twist yourselves into a ü•® to defend the HCQ + Z-Pak + Zinc cocktail now that Democrats are promoting it, after you spent the last year chastising Conservatives for being right all along. 

iZ nOt PuLiTiKuL u GuYz ü•¥",,
"x1007330705049780224","x1352987490576191489","2021-01-23 14:32:09","- HCQ is now OK
- Tests don‚Äôt work  
- Biden has no plan
- Lockdowns are ending

But none of this was political, right?",,
"x1007330705049780224","x1352987126988607488","2021-01-23 14:30:43","Melania Trump was the first beautiful First Lady since Jackie Kennedy. Nobody else came close. Not Michelle Obama. Not Jill Biden. &amp"," your weird adulation of the last 2 is a bit vomit inducing. Stop.",
"x1007330705049780224","x1352984356629970945","2021-01-23 14:19:42","Jesus..... https://t.co/FmlilUdBwR",,
"x1007330705049780224","x1352983622861660167","2021-01-23 14:16:47","Pornhub partner channel Girls Do Porn camera operator pleads guilty today to sex trafficking charges. He is the 2nd to plead guilty of the 6 charged with sex trafficking. 

Next up: Pornhub executives. #Traffickinghub  https://t.co/sOZ4pQDfq0",,
"x1007330705049780224","x1352983333215612928","2021-01-23 14:15:38","@JasonWalker_ @SiknTired2020 @glamelegance @DonaldJTrumpJr Obv this is a synopsis as Twitter limits characters, but do look into it if you‚Äôre actually interested in learning. Enjoy the rabbit hole.",,
"x1007330705049780224","x1352982753554395143","2021-01-23 14:13:20","@JasonWalker_ @SiknTired2020 @glamelegance @DonaldJTrumpJr The Libyan Civil War: the destabilization was created after rebels  killed Muammar Gaddafi. The entire psy-op was run by the US under Obama as POTUS &amp"," Hillary Clinton as State Sec who aligned themselves w/ Islamists to overthrow the regime. These Islamists later became ISIS.",
"x1007330705049780224","x1352662958950768640","2021-01-22 17:02:35","One of the craziest things about modern society is there are forces trying to poison you everyday.

Poison you via food
Poison you via drink
Poison you via drugs
Poison you via screens

You must be constantly vigilant to stay physically &amp; mentally healthy. 'Average' is unhealthy.",,
"x1007330705049780224","x1352662694978080770","2021-01-22 17:01:32","@stillgray You‚Äôre great in my book. That dude sounds like he‚Äôs projecting",,
"x1007330705049780224","x1352654088354357248","2021-01-22 16:27:20","A relative watches CNN and she believes that. Came over and lectured us about Ali. 

The people propagandizing those messages don‚Äôt believe it. 

Their cravenness is something that I take personally. https://t.co/prPI4cVtFP",,
"x1007330705049780224","x1352363398894383108","2021-01-21 21:12:14","No it doesn‚Äôt you propagandists. It signals that pandering to us will be the entire strategy of the Biden Installation. They think we are stupid &amp"," easily manipulated. https://t.co/VQHgaQ2deq",
"x1007330705049780224","x1352359240967614464","2021-01-21 20:55:43","A... FEDERAL... JUDGE... 

As in the GOVERNMENT. https://t.co/1Tv4NOkfxb",,
"x1007330705049780224","x1352358468175474698","2021-01-21 20:52:39","@Lyt_n_Luv @robbystarbuck umm ma‚Äôam... there are 9 people ‚Äúaround‚Äù",,
"x1007330705049780224","x1352349857151909889","2021-01-21 20:18:26","Joe Biden is the first President in history to have a Vice President on record claiming they believed sexual harassment allegations against him. ü§°ü§°ü§°ü§°ü§°",,
"x1007330705049780224","x1352346167632416769","2021-01-21 20:03:46","When I was a kid, our pastor asked us to find a couple verses in the Bible that spoke to us. We would carry these verses with us for the rest of our lives. Ecclesiastes 12:1 was one of them. Proverbs 19:21 was the other. https://t.co/5rRG0d7auU",,
"x1007330705049780224","x1352341201802977281","2021-01-21 19:44:02","Liz Cheney betrayed our Republican House Conference and her voters by joining the witch hunt and voting for the impeachment scam.

My office was flooded with calls from Wyoming voters furious at her actions and thanking me for strongly supporting President Trump. https://t.co/Rzx3AYsJxF",,
"x1007330705049780224","x1352303397072998400","2021-01-21 17:13:49","@MelanieBen Deranged... lunacy... I have no other words for this üòÇ",,
"x1007330705049780224","x1352301447984144385","2021-01-21 17:06:04","Globalist thugs. https://t.co/SBRzQfZgYX",,
"x1007330705049780224","x1352295148051435522","2021-01-21 16:41:02","Huh... no shit?!? https://t.co/NyatLQRfR0",,
"x1007330705049780224","x1352288812077113350","2021-01-21 16:15:51","This was a great read. Highly recommend üëáüèΩ https://t.co/yRDMm0rqvR",,
"x1007330705049780224","x1352287518461464579","2021-01-21 16:10:43","@RyanAFournier That‚Äôs what I thought.",,
"x1007330705049780224","x1352287420297916416","2021-01-21 16:10:19","@Stacee94608160 @nytimes are you ever real ü§£ü§£ü§£ü§£",,
"x1007330705049780224","x1352286941790810112","2021-01-21 16:08:25","Department of Justice: DOJ Must Appoint a Special Counsel to Investigate Evidence of Joe Biden Corruption. - Sign the Petition! https://t.co/r52HXjxxRa via @Change",,
"x1007330705049780224","x1352286638857199616","2021-01-21 16:07:13","the big difference between the Q bullshit and Russia bullshit

is that although both are having or had insane meltdowns when proven wrong only one is still pushed by Democrats and powerful media conglomerates",,
"x1007330705049780224","x1352286143727984643","2021-01-21 16:05:15","We have over 50,000 signatures on a petition to demand a special counsel to investigate Biden corruption! Let's get to 100k. Please share, RETWEET, and sign now:
https://t.co/G77lliVRbv",,
"x1007330705049780224","x1352286011947151362","2021-01-21 16:04:44","AMEN https://t.co/Bdu5RZKY0U",,
"x1007330705049780224","x1352285919798292482","2021-01-21 16:04:22","@RyanAFournier I thought he was getting the Transportation Secretary post",,
"x1007330705049780224","x1352285681385664513","2021-01-21 16:03:25","@Solmemes1 ü§£ü§£ü§£",,
"x1007330705049780224","x1352284942349295620","2021-01-21 16:00:29","Based on day one, we can count on the Biden Administration to destroy jobs, amplify critical race theory, and persecute conservatives in a truly decent and civil way",,
"x1007330705049780224","x1352284853518086147","2021-01-21 16:00:07","@warrenkylady Agreed. But horrifying thing is that they‚Äôre making it a national standard, forcing a cancerous ideology down our throats.",,
"x1007330705049780224","x1352284582087942145","2021-01-21 15:59:03","Any update on who planted those pipe bombs on January 6th at both the DNC &amp"," RNC offices? Or was that just not newsworthy?",
"x1007330705049780224","x1352280796439175175","2021-01-21 15:44:00","ü§îüëáüá∫üá∏ https://t.co/9t1JxGcfi1",,
"x1007330705049780224","x1352280544147603459","2021-01-21 15:43:00","We‚Äôve quickly gone from America First to America Last. https://t.co/QIV7CVOKpZ",,
"x1007330705049780224","x1352280385074442251","2021-01-21 15:42:22","Biden's inaugural committee accepted up to $1 million each from corporate donors including:

-Comcast
-Boeing
-Amazon
-Enterprise Holdings
-Google
-UPS
-Verizon
-Area 1
-Qualcomm
-Microsoft
-United Airlines
-Masimo
-Cannae
-Fidelity Financial
-Charter
-Capital Group

...and more!",,
"x1007330705049780224","x1352280199992406018","2021-01-21 15:41:38","It‚Äôs almost like these Biden voters never really thought Trump was a fascist, but they used that as an excuse to act like thuggish lunatics for years, and the Democrat media found them useful so they played along https://t.co/ai1vMKe2de",,
"x1007330705049780224","x1352279907871698944","2021-01-21 15:40:28","Former fan of @Sethrogen. He can go fuck himself now. https://t.co/RtGe3qzJmA",,
"x1007330705049780224","x1352279497672970240","2021-01-21 15:38:51","This is a sickness. https://t.co/8aq3oRuXCG",,
"x1007330705049780224","x1352279250414542848","2021-01-21 15:37:52","The shiny new Vice President of the United States of America has a horrifying record on abortion. An inhumane and barbaric position.

At 20 weeks a baby is moving, kicking, sucking the thumb and can feel pain.

God save America. https://t.co/ZBZSXFD16Q",,
"x1007330705049780224","x1352278106401366019","2021-01-21 15:33:19","What Joe Biden's executive actions really mean:

Halt the border wall = Open borders

End Keystone XL = American jobs lost

100 days of masks = 100 days of lockdowns

Rejoin Paris Accords = Energy independence gone

Freeze Trump's regulatory actions = More red tape",,
"x1007330705049780224","x1352275748107792385","2021-01-21 15:23:57","The Biden Family is the most corrupt political family in American history https://t.co/pzusymFgZJ",,
"x1007330705049780224","x1352275155855298560","2021-01-21 15:21:35","Trump Admin literally had a detailed distribution plan. @CNN is such propaganda garbage. 

https://t.co/zTy8xX9NTG https://t.co/Vhdmtr9ypE",,
"x1007330705049780224","x1352273964840726534","2021-01-21 15:16:51","Same! https://t.co/GMbxv3WZmL",,
"x1007330705049780224","x1352272750484873216","2021-01-21 15:12:02","Lockdowns 

+

$15 minimum wage

=

Joe Biden's plan to make sure America's small businesses NEVER reopen!",,
"x1007330705049780224","x1352272710978691074","2021-01-21 15:11:52","We told you the ‚Äúcitizenship for 11 million undocumented folks‚Äù thing was real. 

As was rejoining the Paris Accord.

As will be Biden‚Äôs tax hikes...

And Biden‚Äôs desire to appease Iran.

‚ÄúDonald Trump's allies knocked Joe Biden as administration starts‚Äù https://t.co/44tE5b2m4r",,
"x1007330705049780224","x1352272340734902273","2021-01-21 15:10:24","We‚Äôve quickly gone from America First to America Last. https://t.co/QIV7CVOKpZ",,
"x1007330705049780224","x1352153229342158849","2021-01-21 07:17:06","Kiss my ass https://t.co/kEuH1lK9jm",,
"x1007330705049780224","x1352152902861803520","2021-01-21 07:15:48","I stand corrected. Immigration isn‚Äôt the Biden Installation‚Äôs top priority. 

The top priority is dismantling American sovereignty &amp; dignity. https://t.co/I88bB9Xs81",,
"x1007330705049780224","x1352011118437408772","2021-01-20 21:52:24","‚ÄúIf fascism ever comes to America, it will come in the name of liberalism‚Äù
-Ronald Reagan",,
"x1007330705049780224","x1352010316415201280","2021-01-20 21:49:13","@BobRmhenry1 @ToscaAusten Good idea. Bookmarking this.",,
"x1007330705049780224","x1352010272714731521","2021-01-20 21:49:02","Remember this day - Stock market above 30K, US is energy independent, gas under $3, no new wars in four years, few illegals at our border and vaccines in all 50 states.

January 19 , 2021",,
"x1007330705049780224","x1352010202225250306","2021-01-20 21:48:46","YES!!! https://t.co/FmPrSNNuPw",,
"x1007330705049780224","x1352010037741441029","2021-01-20 21:48:06","Thank you, Mr. President. üá∫üá∏ https://t.co/6EnhkL7JBk",,
"x1007330705049780224","x1352009959152766976","2021-01-20 21:47:48","BREAKING: Texas Set to Initiate MULTIPLE LAWSUITS Against Biden Administration.",,
"x1007330705049780224","x1352009813375516672","2021-01-20 21:47:13","Exactly right. @truckinwithnorm is consistently on point about everything! https://t.co/1KHvRLycP4",,
"x1007330705049780224","x1352008259956318208","2021-01-20 21:41:02","@buckyball360 @GovRonDeSantis Good advice. Also thinking of how to get in the Election Boards. We need to learn the process.",,
"x1007330705049780224","x1352008081950076930","2021-01-20 21:40:20","@KarenSc38678909 @CRANewYorkState @GovRonDeSantis I don‚Äôt disagree. Though FL was a swing state. We need to get in the Election Boards.",,
"x1007330705049780224","x1352007900080779273","2021-01-20 21:39:37","@B__RT @CassandraRules This is true. She‚Äôs a literal former model.",,
"x1007330705049780224","x1352007791846846464","2021-01-20 21:39:11","@CassandraRules It‚Äôs not ugly. Just unimpressive. It‚Äôs weird to see anyone fawning over it.",,
"x1007330705049780224","x1352007353714044932","2021-01-20 21:37:26","I really love this, you have no idea!!! https://t.co/OhjCGnJsi1",,
"x1007330705049780224","x1352007064227356679","2021-01-20 21:36:17","Thieves and cheaters get no love or respect. Especially in the highest office in our land.",,
"x1007330705049780224","x1352004601210425345","2021-01-20 21:26:30","This guy gets it üëáüèΩ https://t.co/wnC4an47Ob",,
"x1007330705049780224","x1352004082463092737","2021-01-20 21:24:26","I just followed @JoeBiden‚Äôs twitter account. His banner says, ‚Äúkeep the faith.‚Äù Faith in what, I ask? Since everything the Left seeks to implement is devoid of God.",,
"x1007330705049780224","x1352003121124421636","2021-01-20 21:20:37","@KarenSc38678909 @CRANewYorkState @GovRonDeSantis At the federal level, sure. But these are state &amp; local issues. We can impact those with enough grassroots organizing.",,
"x1007330705049780224","x1352002838508011520","2021-01-20 21:19:30","Why do Leftists always cry? And why are Conservatives consistently resilient? Could it have anything to do with our belief systems? https://t.co/k2QDFxlHvQ",,
"x1007330705049780224","x1352002502573629440","2021-01-20 21:18:10","Does this guy have 5 registered voters in his household who all voted the exact same way? Or did he receive 5 ballots for himself &amp"," voter 5 times? It‚Äôs a legitimate question given the hubris &amp"," lack of context. https://t.co/QQku8zSFHo"
"x1007330705049780224","x1352001224904757250","2021-01-20 21:13:05","Installation not Inauguration.",,
"x1007330705049780224","x1351995442368815111","2021-01-20 20:50:06","@JonSchweppe Exactly. We start with any GOP official who voted to impeach Trump w/ 0 due process in less than 8 hours.",,
"x1007330705049780224","x1351995043385630726","2021-01-20 20:48:31","We won‚Äôt. Real Patriots know what‚Äôs up. The Left &amp"," their propaganda arm have maligned us for 4 years. Now they seek to silence &amp"," destroy us. They can shove their ‚Äúunity‚Äù up their ‚Äî https://t.co/t0rZxmkWLT"
"x1007330705049780224","x1351993838039150595","2021-01-20 20:43:44","Exactly. Trying to create a 3rd Party off of this plays right into the Establishment‚Äôs hands. https://t.co/7pxs3BQxMQ",,
"x1007330705049780224","x1351993658917203968","2021-01-20 20:43:01","@GavinWax Correct.",,
"x1007330705049780224","x1351993337788694528","2021-01-20 20:41:45","Election integrity needs to be our number 1 priority at the state &amp"," local level. We need to learn from @GovRonDeSantis and implement similar controls &amp"," measures in our jurisdictions."
"x50558906","x1355998384969154572","2021-01-31 21:56:22","@mckellogs This is the serotonin I needed",,
"x50558906","x1355945492652437504","2021-01-31 18:26:12","üòÇüòÇüòÇüòÇ follow your dreams https://t.co/EoKDtlWpWz",,
"x50558906","x1355863982528204801","2021-01-31 13:02:18","@RachaelAtWork @theshadowsfx Jackie? Jackie Daytona!",,
"x50558906","x1355861837431119873","2021-01-31 12:53:47","ITS MUFUGGIN SNOWIN YALL!!!! https://t.co/hsPT3nyiZc",,
"x50558906","x1355763802302787589","2021-01-31 06:24:13","@MJMcKean It‚Äôs on my list!",,
"x50558906","x1355592656588570626","2021-01-30 19:04:09","Meeeeeeee https://t.co/mCgwU4IzNM",,
"x50558906","x1355485658626854912","2021-01-30 11:58:59","@keyofmgy SHE BELONGS üò≠",,
"x50558906","x1355484512231317507","2021-01-30 11:54:26","@GatorsDaily All hail our Lord and Master",,
"x50558906","x1355357970251571203","2021-01-30 03:31:36","@DonnaSulligan @mtgreenee She‚Äôs the only bully I see. Literally following a shooting surviving and berating him for taking a stand for his convictions and not giving in to her baiting tactics. She‚Äôs a disgrace. Truly a vile human.",,
"x50558906","x1355338689057087488","2021-01-30 02:14:59","Retweet this to the fucking moon and back. https://t.co/6zl3dcuT6l",,
"x50558906","x1355333775622856707","2021-01-30 01:55:27","@GatorsDaily @pigdeons FUCK YEAAAAAAAAH",,
"x50558906","x1355320227098202114","2021-01-30 01:01:37","I‚Äôve seen everyone else‚Äôs reaction but I must agree. HOLY SHIT WANDAVISION.",,
"x50558906","x1355314593598484480","2021-01-30 00:39:14","@PFTompkins https://t.co/3EC04flFse",,
"x50558906","x1355310048474525701","2021-01-30 00:21:10","@JohnKingCNN Gosh what a beautiful feeling this was. To k is that we got our country back. Thrilling.",,
"x50558906","x1355306015613476870","2021-01-30 00:05:09","B O T H https://t.co/HtvoZW2AYi",,
"x50558906","x1355297394720649219","2021-01-29 23:30:53","@JoshMalina IF TZEITEL MARRIES LAAAZAAAAAAR WOOOOOOOOOOOLF !!!! I PITY THEM BOTH!!!",,
"x50558906","x1354993200113602565","2021-01-29 03:22:08","@DevinCow @davidmweissman @laurenboebert Oh god this is delicious.",,
"x50558906","x1354992255468187649","2021-01-29 03:18:22","@jaketapper Oh wow they really dragged Noah into all this y‚Äôall üí©üí©üí©üí©üí©",,
"x50558906","x1354992071791288322","2021-01-29 03:17:39","@pattonoswalt JEWISH SPACE LASSSERRRRR (laser, laseeeeeer)",,
"x50558906","x1354991596329119745","2021-01-29 03:15:45","@shannonrwatts https://t.co/mqomtTbKTf",,
"x50558906","x1354991194984636421","2021-01-29 03:14:10","Y‚Äôall better fucking come get herrrrrrrrr!!!! #MarjorieTaylorGreeneIsUnfit https://t.co/EoPTw9GSPr",,
"x50558906","x1354991089594363913","2021-01-29 03:13:44","Me: has a king bed
Also me: always sleeps literally on the edge of the bed",,
"x50558906","x1354990738694660102","2021-01-29 03:12:21","@AbstractLife @RexChapman She‚Äôs the one doing death drops in the back https://t.co/wzG67t0cRn",,
"x50558906","x1354990293515440129","2021-01-29 03:10:35","@RexChapman Ummmmmmmmmm",,
"x50558906","x1354989915549872130","2021-01-29 03:09:05","@JohnSidneyib I NEED IT",,
"x50558906","x1354989777184043010","2021-01-29 03:08:32","@tedlieu She is a goddamn lunatic.",,
"x50558906","x1354989615128698880","2021-01-29 03:07:53","@Richard_Schiff Ruby should meet my nephew üòÇüòÇüòÇ but we‚Äôve taught him to say Flatulence lol",,
"x50558906","x1354987497076510727","2021-01-29 02:59:28","@jfreewright That‚Äôs something I always think of when I see her, radiance. She glowed, always.",,
"x50558906","x1354986130425475078","2021-01-29 02:54:02","@jaketapper Unconscionable. Absolutely ghastly. How can any human behave that way? To parents whose babies were murdered? MURDERED!",,
"x50558906","x1354985921343582213","2021-01-29 02:53:12","I am not an overly emotional person, but I WEPT with complete grief when Sandy Hook happened. It hurt me to my core to think of those babies and what happened to them. How frightened they must have been. Marjorie Greene should be ashamed of herself. What a ghoul. May she rot. https://t.co/T9dJfcb5Un",,
"x50558906","x1354984180120231936","2021-01-29 02:46:17","@GatorsDaily Flat Fucks FTW!!!!!",,
"x50558906","x1354975833522384898","2021-01-29 02:13:07","Hi friends, meet the person I hate most in the world right now. https://t.co/BW4pIxaGGX",,
"x50558906","x1354968771446890499","2021-01-29 01:45:03","@Jchawes Yes!!! I subscribed to Discovery+ so I could get my spooky fix!!!",,
"x50558906","x1354967531371569153","2021-01-29 01:40:08","@RichardEGrant Two geniuses going head to head. Miss them both.",,
"x50558906","x1354967091292594177","2021-01-29 01:38:23","@CrazyTee911 JENNY JENNY WHO CAN I TURN TOOOOOOOOOO",,
"x50558906","x1354965874147471368","2021-01-29 01:33:33","Oh a new Twitter update, thanks I hate it.",,
"x50558906","x1354613401314611207","2021-01-28 02:12:57","@brittanyplus @MaxCCurtis @RachaelAtWork I was here for this! I was like I DONT REMEMBER THAT lol",,
"x50558906","x1354599310407688192","2021-01-28 01:16:57","@marcmaron I C E - C R E A M",,
"x50558906","x1354599255906902020","2021-01-28 01:16:44","@keyofmgy Cursed Image",,
"x50558906","x1354555311936466949","2021-01-27 22:22:07","@funder Yes. She‚Äôs treasonous.",,
"x50558906","x1354554761329176577","2021-01-27 22:19:56","Oof. RIP to one of the greats. Will always remember her as Frau Blucher *horse neiiiiiiighs* https://t.co/hC4H7JKOVk",,
"x50558906","x1354447871848931328","2021-01-27 15:15:11","@davidhogg111 God I fucking hate her.",,
"x50558906","x1354447846037213185","2021-01-27 15:15:05","@davidhogg111 What a fucking loser.",,
"x50558906","x1354447314669199360","2021-01-27 15:12:58","With her Michael Kors bagüòíüòí https://t.co/jo4Gm6u6fS",,
"x50558906","x1354445596292239364","2021-01-27 15:06:09","@ChrisisSingin We love to see it! üëçüèª",,
"x50558906","x1354440780342046723","2021-01-27 14:47:00","@DrainTheTrumps Looks like a bunch of Qunts to me",,
"x50558906","x1354434112128483328","2021-01-27 14:20:31","@NoThisIsAshley RUDE",,
"x50558906","x1354410702409228288","2021-01-27 12:47:29","@Sethrogen Dude you are eerily good at this.",,
"x50558906","x1354410417381122052","2021-01-27 12:46:21","@louisvirtel Paul Rudd has entered the chat. https://t.co/U6CqpYfYid",,
"x50558906","x1354298364809125889","2021-01-27 05:21:06","@keyofmgy THWOMP",,
"x50558906","x1353903793348485125","2021-01-26 03:13:13","@MysterySolvent Got the flop sweats.",,
"x50558906","x1353895379323023372","2021-01-26 02:39:47","To the surprise of NO ONE https://t.co/3UkK7Z5twa",,
"x50558906","x1353894366188875778","2021-01-26 02:35:45","@keyofmgy MY SON",,
"x50558906","x1353883829728141313","2021-01-26 01:53:53","@RealEOC Talk a ride on Sparky",,
"x50558906","x1353882969908326400","2021-01-26 01:50:28","@nicolebyer If you light it and say ‚ÄúBackflip on a dick!‚Äù Nicole herself will appear and watch Nailed It! with you.",,
"x50558906","x1353882512028815360","2021-01-26 01:48:39","@shannonrwatts God she makes me sick, holding her fucking gun like it‚Äôs just some other toy or accessory. Fuck her and fuck everyone like her.",,
"x50558906","x1353882162739687430","2021-01-26 01:47:16","@JamesGunn This one too #VforVendetta https://t.co/MAFiPtwygZ",,
"x50558906","x1353881426480013313","2021-01-26 01:44:20","@benjygray @JamesGunn Fuck yes.",,
"x50558906","x1353879863179022336","2021-01-26 01:38:07","@JamesGunn #watchmen My absolute fave. https://t.co/MGGay39MZy",,
"x50558906","x1353871445416357888","2021-01-26 01:04:40","@GatorsDaily GatorTopia",,
"x50558906","x1353869744684806146","2021-01-26 00:57:55","@RepMattGaetz Yep sure is let‚Äôs CANCEL THIS MOTHERFUCKER and you‚Äôre next, loser.",,
"x50558906","x1353869346452480001","2021-01-26 00:56:20","@john_maalouf Imagine how it felt for those of us who saw all of these in the theatre when they came out! And we came out of Infinity War like WHAT THE ABSOLUTE FUCK. And had to wait like a year + to see Endgame. Exhausting! Can‚Äôt imagine what it‚Äôs like to take all that in at once.",,
"x50558906","x1353850922653380608","2021-01-25 23:43:07","@laurenboebert Girl you are hilarious üòÇ",,
"x50558906","x1353845780453457922","2021-01-25 23:22:41","@chrissyteigen That is also how I felt when my parents put me in karate.",,
"x50558906","x1353830588940218369","2021-01-25 22:22:20","@ThatEricAlper Bryan! ü§©",,
"x50558906","x1353821467671203841","2021-01-25 21:46:05","On the outside I seem ok, but deep down inside I‚Äôm just waiting for spring and for my hummingbirds to return üò≠üò≠üò≠ #birder #hummingbird",,
"x50558906","x1353806887628795904","2021-01-25 20:48:09","@iamErinMcAndrew Cape Hatteras Lighthouse",,
"x50558906","x1353720644559663104","2021-01-25 15:05:27","@GatorsDaily IT ME",,
"x50558906","x1353718530508808193","2021-01-25 14:57:03","@Mulukh @ArtFredAllain @my2k @HitPointPress Literally that lol",,
"x50558906","x1353544844745048069","2021-01-25 03:26:53","@emmalabizarre Ew the oatmeal bath! Did that too when I had the chicken pox!",,
"x50558906","x1353470687164424192","2021-01-24 22:32:12","@IMDb https://t.co/MSzLx30Lhr",,
"x50558906","x1353470530435899393","2021-01-24 22:31:35","@IMDb https://t.co/lpQUYEyWg7",,
"x50558906","x1353470469740113924","2021-01-24 22:31:20","@IMDb The Shining",,
"x50558906","x1353415697918021632","2021-01-24 18:53:42","@NetflixIsAJoke The best. Ever. https://t.co/ClJsXGFZWF",,
"x50558906","x1353415321827344385","2021-01-24 18:52:12","@veefeeley @NetflixIsAJoke Without question the Big Yin is the winner.",,
"x50558906","x1353415114146238465","2021-01-24 18:51:23","@NetflixIsAJoke Billy Connolly forever.",,
"x50558906","x1353344958560931840","2021-01-24 14:12:36","@Acyn Pamela With the flawless victory@",,
"x50558906","x1353201741874024448","2021-01-24 04:43:31","@chucktortellini @McKenzi55847094 @texaninnyc LE GASP",,
"x50558906","x1353201693136195584","2021-01-24 04:43:19","@texaninnyc https://t.co/YsvRx9AZdl",,
"x50558906","x1353200490004230144","2021-01-24 04:38:32","@wilsonsz @erinalibrarian @texaninnyc Literally ALL of them are so beautiful in this. But Denzel is on a WHOLE different level.",,
"x50558906","x1353199588874846208","2021-01-24 04:34:57","@indigogloves @texaninnyc HARD AGREE",,
"x50558906","x1353199276659249152","2021-01-24 04:33:43","@chucktortellini @McKenzi55847094 @texaninnyc 1) The Handmaiden (it‚Äôs fucked up but SO GOOD) 
2) Oldboy (also fucked up, also SO GOOD) 
3) Parasite - (again, fucked up. But again, a masterpiece)",,
"x50558906","x1353098082360156160","2021-01-23 21:51:36","@texaninnyc https://t.co/ni0LSGrhcK",,
"x50558906","x1353075454748450822","2021-01-23 20:21:41","@jackiantonovich @Simon_Pegg Me hungry!!! For GEODES",,
"x50558906","x1353056242474881025","2021-01-23 19:05:21","@LouDPhillips @YMPhillips Big, beautiful, fluffy kitties! ‚ù§Ô∏è‚ù§Ô∏è‚ù§Ô∏è",,
"x50558906","x1353025968177369088","2021-01-23 17:05:03","@GatorsDaily Speedy Fuck Saturday",,
"x50558906","x1353025841882660867","2021-01-23 17:04:33","@bigelowtea I love Spiced Chai! So good!",,
"x50558906","x1352793629463617542","2021-01-23 01:41:49","Alright investigative journalists y‚Äôall get these assholes. https://t.co/SPzPIte8ui",,
"x50558906","x1352791451797774336","2021-01-23 01:33:10","@shannonrwatts God i hate her.",,
"x50558906","x1352791012075253760","2021-01-23 01:31:25","@kevinsukholee @GameofTywinning Exquisite.",,
"x50558906","x1352790417411104769","2021-01-23 01:29:03","@jaketapper Thank you @timkaine!!! We must hold these men accountable for their incendiary rhetoric. Remind them that if they play with fire they can get burned!",,
"x50558906","x1352789514100617216","2021-01-23 01:25:28","@GatorsDaily STACKS ON STACKS",,
"x50558906","x1352759133833977861","2021-01-22 23:24:45","Alright friends. Woke up today feeling kind of blah. Joints achy. Metallic taste in mouth. Slight fever. Going to get a COVID test as soon as I can get one. üò≠",,
"x50558906","x1352753900877729794","2021-01-22 23:03:57","@jojorbbit @jaketapper Will you bundle up? Please? WILL YOU BUNDLE UP?!?!",,
"x50558906","x1352752053853057024","2021-01-22 22:56:37","@BallroomPink Is that Heart and Souls?",,
"x50558906","x1352700509573046276","2021-01-22 19:31:48","@mckellogs It will! Just give it time! As you grow it and it becomes more substantial it will definitely give you a good hit!",,
"x50558906","x1352700224221937666","2021-01-22 19:30:40","@eclecticmuses https://t.co/CBkzYKhKlG",,
"x50558906","x1352601287477571587","2021-01-22 12:57:31","IM HOLLEEERRRRRRIIIIINNNNNNN https://t.co/0ITELwJB9q",,
"x50558906","x1352600820076974083","2021-01-22 12:55:40","@eclecticmuses Oh my god GEOCITIES",,
"x50558906","x1352600604573659137","2021-01-22 12:54:48","@keyofmgy I‚Äôm here again to ask you ‚ÄúAre you my Angel of Music?!‚Äù",,
"x50558906","x1352599499282243584","2021-01-22 12:50:25","This is like the before and after shots of dogs in shelters v. Dogs who have been adopted by a loving family. https://t.co/VIOVJxttdo",,
"x50558906","x1352441820622561282","2021-01-22 02:23:51","@billyeichner @pattonoswalt Sweetie for a lot of folks (trolls) athletic = skinny. Anything that‚Äôs not fat = skinny.",,
"x50558906","x1352439286512148482","2021-01-22 02:13:47","@AbdulRajput_ God yes. That dazed feeling as you re-emerge from whatever fantasy you lived in for the last two hours. Glorious.",,
"x50558906","x1352438931569184769","2021-01-22 02:12:23","@connerandrew @AnaCabrera Can you come show that to about half my family? I don‚Äôt talk to them anymore ü§∑üèª‚Äç‚ôÄÔ∏èü§∑üèª‚Äç‚ôÄÔ∏è",,
"x50558906","x1352438807170342914","2021-01-22 02:11:53","@connerandrew @AnaCabrera A M E N",,
"x50558906","x1352438733673541633","2021-01-22 02:11:35","@AnaCabrera Thanks I love it üò≠üò≠üò≠üò≠üò≠üò≠",,
"x50558906","x1352438119367372800","2021-01-22 02:09:09","@Leslieoo7 @mattgaetz @VotingBlueInTX @laurenboebert Cuz she loves Guns n Jesus baby!!!! üòÇüòÇüòÇüòÇüò≠",,
"x50558906","x1352437954095017984","2021-01-22 02:08:29","@mattgaetz @laurenboebert Hey so since Trumpf isn‚Äôt on Twitter anymore I guess I gotta find some other windbag with weird hair to holler at. So here goes! Hey Matt! Go fuck yourselllffdfdffffff!!!!!!!!!!!",,
"x50558906","x1352437319790436353","2021-01-22 02:05:58","@laurenboebert You‚Äôve endured endless attacks because your hateful rhetoric *makes people angry* can‚Äôt stand the heat? Get out of the House.",,
"x50558906","x1352436279586279426","2021-01-22 02:01:50","@bblock29 Meeeeeeeeeeeeeee",,
"x50558906","x1352436186762121216","2021-01-22 02:01:28","@Phillipasoo I‚Äôm HOLLERIN",,
"x50558906","x1352431176632442888","2021-01-22 01:41:34","@lo_lifer When I‚Äôm at home sometimes I have a hot cup of broth if I‚Äôm super cold. So satisfying.",,
"x50558906","x1352430914723323904","2021-01-22 01:40:31","@billyeichner Joe seems nice üëçüèª",,
"x50558906","x1352424688677490690","2021-01-22 01:15:47","Trump had no plan for anything, ever. Just empty words, hot air and blister. Glad he‚Äôs G O N E https://t.co/evXJ5viPg0",,
"x50558906","x1352423510413611011","2021-01-22 01:11:06","@davidmweissman I didn‚Äôt but that‚Äôs because I had chocolate before bed lol.",,
"x50558906","x1352423405933486085","2021-01-22 01:10:41","@Simon_Pegg Li‚Äôl Kid(ehydration)",,
"x50558906","x1352416791939710977","2021-01-22 00:44:24","Thinking about HIM https://t.co/gUyYbiMwi9",,
"x50558906","x1352411256960020482","2021-01-22 00:22:24","@RandyRainbow GIRL ME TOO LIKE TAKE MY 401k too",,
"x50558906","x1352411156695166983","2021-01-22 00:22:00","@LindseyGrahamSC Some of us live in the real world ma‚Äôam",,
"x50558906","x1352324991258390528","2021-01-21 18:39:37","Boy I love living in a world where Trump isn‚Äôt president.",,
"x50558906","x1352156665597071360","2021-01-21 07:30:45","Keep crying üëçüèª https://t.co/MF53l3aV08",,
"x50558906","x1352078927364304897","2021-01-21 02:21:51","My hero. https://t.co/3qpDCfTtai",,
"x50558906","x1352078640406736898","2021-01-21 02:20:42","@sloppymenace @CNN @CNNPolitics I love herrrrrrr",,
"x50558906","x1352078519124303873","2021-01-21 02:20:14","@chefjoseandres deserves a Medal of Freedom for his work to fight hunger. Love him. #InaugurationDay",,
"x50558906","x1352078306368217094","2021-01-21 02:19:23","@Richard_Schiff I wish I had an ounce of his talent.",,
"x50558906","x1352078178391617539","2021-01-21 02:18:52","@jaketapper PLEASE. SOMEONE. I‚Äôll even buy it just GET IT",,
"x50558906","x1352077817341739023","2021-01-21 02:17:26","@albinokid - I see you friend!!!!! Aw snap now we doing HAIR y‚Äôall!",,
"x50558906","x1352077473689833475","2021-01-21 02:16:04","Come on @Peppermint247!!!!!",,
"x50558906","x1352077342210990087","2021-01-21 02:15:33","@ChrisisSingin ok I see you with the Rent!!!!!",,
"x50558906","x1352076636657758210","2021-01-21 02:12:45","Waiting for the #FooFighters to set it off!!! AW SHIT HERE WE GOOOOOOOOO!!!!!",,
"x50558906","x1352076370986348544","2021-01-21 02:11:41","@emmalabizarre Girl is had a crush on him since I was 15!!!!",,
"x50558906","x1352076256423116802","2021-01-21 02:11:14","Are the Foo Fighters the last great rock band? #foofighters Who else is up and coming that will be icons in 20 years?",,
"x50558906","x1352075599704166400","2021-01-21 02:08:37","@fairwxfisherman @emilylhauser Or some of the fancy stuff that has like heated wires through it",,
"x50558906","x1352075505873408001","2021-01-21 02:08:15","@emilylhauser @emmalabizarre Right? Why doesn‚Äôt he have a fucking coat on?!?!",,
"x50558906","x1352075182618378243","2021-01-21 02:06:58","Feeling as if I‚Äôm sitting under my own vine and fig tree, and no one shall make me afraid. #InaugurationDay",,
"x50558906","x1352071098444226563","2021-01-21 01:50:44","@davematt88 @AynRandPaulRyan https://t.co/BSIYU19czl",,
"x50558906","x1352060036437180418","2021-01-21 01:06:47","@iHeartRadio @lizzo YES BITCH",,
"x50558906","x1352059750251327488","2021-01-21 01:05:39","üòÇüòÇüòÇüòÇ https://t.co/I8Z9QnfTUx",,
"x50558906","x1352034190167056384","2021-01-20 23:24:05","My god it‚Äôs so good to see a President being an actual President. I feel fucking giddy. https://t.co/7Upfm8h8Nm",,
"x50558906","x1352019334131048452","2021-01-20 22:25:03","@mckellogs Ooooof",,
"x50558906","x1352005940472647680","2021-01-20 21:31:49","@itsSaulGoodman Best episode of TV ever.",,
"x50558906","x1352003518908006400","2021-01-20 21:22:12","Me at any family function, ever. https://t.co/Cj8mz4GKjF",,
"x50558906","x1351966838008270852","2021-01-20 18:56:27","@TheProphetEli_ WE LOVE TO SEE IT!",,
"x50558906","x1351966113794584577","2021-01-20 18:53:34","@TishJames GO GET HIMMMMMMM #TrumpTreason",,
"x50558906","x1351965918360952833","2021-01-20 18:52:47","Whew I love this photo. Slink back under the rocks from whence y‚Äôall came! https://t.co/eMSxTYNlqe",,
"x50558906","x1351965645861216269","2021-01-20 18:51:42","I don‚Äôt normally get pedicures in winter but these feet need some BLESSINGS",,
"x50558906","x1351964529626918912","2021-01-20 18:47:16","@RachaelAtWork Oh wow",,
"x50558906","x1351948449609097220","2021-01-20 17:43:23","@suzytweet @JasonKander So sweet ‚ù§Ô∏è‚ù§Ô∏è",,
"x50558906","x1351947655853830146","2021-01-20 17:40:13","@lajefa_logan I love their dynamic.",,
"x50558906","x1351942036287598594","2021-01-20 17:17:53","@larrywilmore Thats black tie for country singers.",,
"x50558906","x1351941513190772740","2021-01-20 17:15:49","@jaketapper JAKE!!!! üòÇüòÇüòÇüòÇüòÇ",,
"x50558906","x1351937577675354113","2021-01-20 17:00:10","What a great day. https://t.co/kd5316hDP1",,
"x50558906","x1351937346250436616","2021-01-20 16:59:15","@SenWarren @PPFA Come through with the PP scarf ‚ù§Ô∏è",,
"x50558906","x1351935888243257350","2021-01-20 16:53:28","@sleep2dream I fucking love Bernie üòÇ",,
"x50558906","x1351934724588122114","2021-01-20 16:48:50","I gotta stop crying y‚Äôall, I already live on the brink of dehydration but today is so beautiful. #InaugurationDay",,
"x50558906","x1351925195934601216","2021-01-20 16:10:58","Here she comes yalll!!!! My tears are real! üò≠üò≠üò≠ #VicePresidentKamalaHarris https://t.co/Y0dXGHxYUT",,
"x50558906","x1351923638010863619","2021-01-20 16:04:47","@AudraEqualityMc Hope they smudge it too üòÇüòÇüòÇ",,
"x50558906","x1351890625390632961","2021-01-20 13:53:36","@AudraEqualityMc Girl EXACTLY THAT",,
"x50558906","x1351889862245445634","2021-01-20 13:50:34","@CraigyFerg ITS A GREAT DAY FOR AMERICA!!!!!!!!!!",,
"x50558906","x1351889432593518594","2021-01-20 13:48:52","THEYRE GONNNNEEEEEEEEEEEEE!!!!!!!!!!!!!!!! https://t.co/Idzs6klzxj",,
"x50558906","x1351887136719593477","2021-01-20 13:39:44","Good fucking riddance. https://t.co/93AyhohNwh",,
"x50558906","x1351886673613889539","2021-01-20 13:37:54","This is kinda what today feels like https://t.co/W1R0Qp1tgo",,
"x50558906","x1351847874817110016","2021-01-20 11:03:44","@GameofTywinning Other Religions - *exists*
Christians - ‚ÄúIM BEING PERSECUTED!!!!‚Äù",,
"x50558906","x1351731169407225864","2021-01-20 03:19:59","@PFTompkins I am *SENT* at ‚ÄúChristophobic‚Äù üòÇüòÇüòÇüòÇüòÇ",,
"x50558906","x1351728470242557952","2021-01-20 03:09:15","@idaho_blue I Really Don‚Äôt Care Do You",,
"x50558906","x1351721051873570818","2021-01-20 02:39:47","@MischiefsMommy @RexChapman Because we can see the truth? With our eyes? And hear lies? With our ears?",,
"x50558906","x1351720770901311488","2021-01-20 02:38:40","Pretty sure Dolly Parton‚Äôs birthday should be a National Holiday? #DollyParton #SaintDolly",,
"x50558906","x1351720436707569665","2021-01-20 02:37:20","@katierosemiller @StephenM ......so he couldn‚Äôt get it up without working for a white supremacist? Cool, got it.",,
"x50558906","x1351696392067145729","2021-01-20 01:01:47","Boy I can‚Äôt wait to watch the inauguration tomorrow.",,
"x50558906","x1351628555998867459","2021-01-19 20:32:14","Narrator - turns out, there never really was a healthcare plan after all. https://t.co/DfXKe0y1W3",,
"x50558906","x1351619321882169345","2021-01-19 19:55:32","@eclecticmuses Yesssssssss",,
"x50558906","x1351549091067658241","2021-01-19 15:16:28","@davidmweissman His entire family is just a bunch of coked up fuckheads.",,
"x50558906","x1351548825375305731","2021-01-19 15:15:25","@MarleyBoo1 @mountain_lib @LilyJacksWrites Elicit = to cause a reaction/result. Illicit = taboo or illegal.",,
"x50558906","x1351496596769419266","2021-01-19 11:47:52","@ProjectLincoln Cursed Tweet",,
"x50558906","x1351496089724203008","2021-01-19 11:45:52","@ReelBrew I saw The Sixth Sense in a busy theater. Everyone G A S P E D at the Twist. Also saw Seabiscuit and Master and Commander in packed houses, I miss people applauding film.",,
"x50558906","x1351495417792520193","2021-01-19 11:43:11","@tommyjoker73 @ReelBrew Oh god I would have LOVED to see The Thing in a packed theater.",,
"x50558906","x1351228112613339136","2021-01-18 18:01:01","@sarahcpr God these people suck.",,
"x50558906","x1351004140558839808","2021-01-18 03:11:02","@Richard_Schiff Fudgey the Whale!",,
"x50558906","x1350993208474562560","2021-01-18 02:27:35","@marcmaron The eternal struggle. Same with newspapers. As soon as I throw them out I need them for something üòÇ",,
"x50558906","x1350981263574888449","2021-01-18 01:40:07","@laurenboebert This from the woman who basically laid the blame for the insurrection at the Dems‚Äô feet. You shouldn‚Äôt open your mouth to speak about partisanship.",,
"x50558906","x1350965739507888129","2021-01-18 00:38:26","Let‚Äôs get this 10,000 retweets. It‚Äôs worth every single one of the nine minutes to watch. https://t.co/C5DMeGagZq",,
"x50558906","x1350965355708035080","2021-01-18 00:36:55","@eflind Ooooooooh!!!!! I want to see!",,
"x50558906","x1350939048672690179","2021-01-17 22:52:23","Retweeting for a timeline cleanse. John Lewis dancing is an evergreen serotonin hit. https://t.co/7j5lz3sB70",,
"x50558906","x1350938226215817217","2021-01-17 22:49:07","@MeliMels99 Yes. With a fiery passion. She is everything I hate in this world.",,
"x50558906","x1350938107990962179","2021-01-17 22:48:38","Dude is there some kind of secret signal being beamed to these idiots skulls? I just DO NOT UNDERSTAND. https://t.co/9loEKvM3mF",,
"x50558906","x1350937824690888705","2021-01-17 22:47:31","@ALT_uscis Oh my god üòÇ",,
"x50558906","x1350937626304503818","2021-01-17 22:46:43","@AdamParkhomenko He‚Äôs so high he can barely open his eyes: like, you‚Äôre gonna have a heart attack my dude.",,
"x50558906","x1350937294124015616","2021-01-17 22:45:24","@mckellogs Youve been chosen.",,
"x50558906","x1350928886121582594","2021-01-17 22:12:00","@Richard_Schiff @netflix @thesheilakelley @MicheleFilm This looks great, love what Sheila is doing to empower women through this medium. ‚ù§Ô∏è",,
"x50558906","x1350893434345820161","2021-01-17 19:51:07","@MissKelsye Girl if I‚Äôm not closing at work I‚Äôm in bed by 9:30",,
"x50558906","x1350893271590043649","2021-01-17 19:50:28","@AdamParkhomenko They‚Äôre all pieces of shit. Fuck the lot of them.",,
"x50558906","x1350851023049543682","2021-01-17 17:02:36","@StacyHolmstedt @LonelyChell79 @ThatEricAlper https://t.co/O6iObRAXH7",,
"x50558906","x1350850543950950406","2021-01-17 17:00:41","@BeboPJemm @ThatEricAlper Facts!!",,
"x50558906","x1350850475457978368","2021-01-17 17:00:25","@LonelyChell79 @StacyHolmstedt @ThatEricAlper A chick pea is neither a chick nor a pea! DISCUSS!! üòÇüòÇüòÇ",,
"x50558906","x1350809319143567360","2021-01-17 14:16:53","@ThatEricAlper https://t.co/dVDgLEDKXG",,
"x50558906","x1350809022455230466","2021-01-17 14:15:42","@LonelyChell79 @StacyHolmstedt @ThatEricAlper Tawlk amongst yaselves",,
"x50558906","x1350808399395643392","2021-01-17 14:13:13","@ThatEricAlper Can‚Äôt believe I scrolled a good bit down for no one to mention Darrell Hammond https://t.co/chRgsTRfJE",,
"x50558906","x1350655775300059137","2021-01-17 04:06:45","@GameofTywinning Thank you!!!",,
"x50558906","x1350645416736518146","2021-01-17 03:25:35","@AdamParkhomenko Oh my god he‚Äôs so fucking high",,
"x50558906","x1350618646108925953","2021-01-17 01:39:13","@eclecticmuses Facts.",,
