pretty_comp,gap expt
SrLaMn2O6,0.0
PbO2,1.4
YbCe2CuS5,1.37
Zn0.15Ga0.85As0.85Se0.15,1.47
Si0.98Ge0.02,1.08
CdCu2SnS4,1.37
Ba2FeReO6,0.0
Sn0.35Te0.35Pb0.65Se0.65,0.09
SrSiPd,0.0
Lu2Mo2C3,0.0
Cd4Sb2I3,1.83
Cs3Bi,0.55
Ba6In2NF,0.0
Fe(PdSe)2,0.0
Sn0.1Pb0.9Se1,0.08
KBr,7.6
ZnAs2,0.9
Bi2SI2O11,3.74
Rb2Hg(PSe3)2,2.32
Ni2Ge,0.0
CdSnO3,3.0
Sm(SiNi)2,0.0
Ce2S2O,0.0
Ba4Ga5Si18,0.31
Cd5Ga2(Te3S)2,1.29
Cd4As2Br3,1.78
Sn0.001Te1Pb0.999,0.18
CoSbS,0.11
UP2S7,1.41
BeSiRu2,0.0
ZrTaN3,1.72
Ba7(SnS3)5,2.29
LiBePt2,0.0
ZnSnAs2,0.6
Ta3P,0.0
Zr2Al,0.0
MgSiN2,4.05
Li2Mo2Se2O11,3.3
Mn2GaW,0.0
Pd(IO3)2,1.31
BiSeBr,1.5
Tm2Ga10Os3,0.0
Cu8O,0.0
B3Pb10Br3O13,3.25
Li2SiHgS4,2.68
Pm2PtAu,0.0
In3CuS5,1.2
La16Mn15O48,0.0
Ba2ZnTe3,2.1
RbPSe6,2.18
Te0.6Se0.4,0.7
In1Sb0.99As0.01,0.35
Li2In2SiSe6,2.54
Mg3Sb2,0.8
Pr4Sb3,0.0
AsRuS,1.2
Ce1.3Lu0.7S3,1.25
Eu3Sb4S9,1.2
BRh2,0.0
Tb(InS2)3,1.2
U2AlCo3,0.0
Cd0.04In0.96Te0.04As0.96,0.69
La2Ge5Ir3,0.0
Li2ZnSnS4,2.87
BaGa4Se7,2.64
NdSnRh,0.0
Sm2CuAs3O,0.0
Sb2Ru,0.3
Ba3InS4Cl,3.42
LiGeRh2,0.0
SrZr2Nb,0.0
Al2(CuSe2)3,0.0
Hf5Sb3,0.0
CsMnSb,0.0
ZnIrO3,0.0
Cs4BiAs3Se7,1.02
Sr5Sn3,0.0
CsBi3Se5,0.43
Zr5Al3C,0.0
Rb3Li4(BO2)7,6.53
YbPr2CuS5,1.25
Ho3AlC,0.0
Tb(GeRh)2,0.0
CaZn3,0.0
Cr2S3,0.9
LaBeB3O7,5.65
Ge0.05Te0.95Pb0.95S0.05,0.4
Li3Dy,0.0
ThU8O18,0.0
Cr4As3,0.0
Ca2SmTaO6,3.45
BaReH9,3.44
Zn0.01Ga0.99P0.99S0.01,2.25
Cu(NO3)2,0.0
NdBi,0.0
Al0.3Ga0.7As1,1.81
Ag3RuO4,0.0
Rb2Ti(AgS2)2,2.33
Ca(BIr)2,0.0
Cd1Hg6.5As4Cl6,1.86
Ga4Cu2Te7,1.08
Bi2I4O13,3.3
DyAgGe,0.0
HoMgAu2,0.0
PmSnRh2,0.0
Dy2ZnIn,0.0
Tl3Cr,0.0
Ba3La3(Cu3O7)2,1.8
CeOs2,0.0
Mg3P2,1.4
Tm3GaC,0.0
CsZn4In5Se12,1.61
KUClO3,2.37
KCu2SbS3,1.53
Sb2PbSe4,1.8
SiP2,1.89
CrCoGe,0.0
Sm2IO2,0.0
PrZn,0.0
Li2Fe3SnO8,0.0
Y3(Fe31B7)2,0.0
Dy2TlCd,0.0
Zn(CuO2)2,0.0
B4C,1.64
Mg2Zr14O5,0.0
CaGe2,0.0
Li3V4FeO12,0.0
AlAgS2,3.13
Co3Se4,0.0
Bi2Te0.9Se2.1,0.28
Ho5Si4,0.0
Y2Mo2O7,0.0
Ga2HgSe4,1.95
PrTaN2O,2.0
In4Te3,0.42
TmTl,0.0
Y(Al5Fe)2,0.0
CaInAu,0.0
SbTeI,1.25
Ca2Bi2O5,3.34
Er2SnAu2,0.0
Sc2S3,2.0
Ca2SnS4,2.32
Li3AlTe4O11,3.63
K2Mn(SnSe3)2,2.0
Ga1As0.9P0.1,1.5
BaV2SeO8,2.13
PrF3,5.3
YbB2Rh3,0.0
KSc(SeO3)2,5.4
LiLu2Ru,0.0
TaGaPt,0.0
EuCu2SnS4,1.85
Ca2CdAs2,0.95
HgCl,2.84
Ce3NbS3O4,0.0
Li23(MnAs)20,0.0
CeIr5,0.0
Pr(BiO3)2,0.0
Nd3Zr,0.0
Li2CdGe,0.99
Zn0.7Ga0.3P0.3S0.7,2.4
Y3Ge4,0.0
BaPd(IO3)4,1.97
CeGaO3,0.0
Ba5Bi3,0.0
ZrGeRu,0.0
Ba3CrS5,0.0
Si0.8Ge0.2,1.1
Li2U(MoO5)2,0.0
Tm2ZnOs,0.0
Zr1.33Ta0.67N2.61O0.42,1.93
BaUSe3,1.0
Gd6Ge2.5S14,2.2
Sn0.03Te1Pb0.97,0.21
GaAgO2,2.2
Al2Cu,0.0
MgCr,0.0
Te4Mo(WS)2,0.0
CdP2,2.02
Ca3Sb2,1.4
Nd2(SnSe3)3,0.5
Re5(NiAs6)2,0.0
Ag2S,0.87
Ca2Os2O7,0.0
La2MoO5,0.49
Sc11(AlGe4)2,0.0
ErSnAu,0.0
AsSeI,1.76
Zr5Sn3,0.0
CdSiP2,1.8
MnPSe3,2.5
As2Ru,0.8
TlInHgS3,1.74
Rb3Sm,0.0
InBi2S4Br,1.5
CaPrZn2,0.0
TiGaIr2,0.0
LaGa,0.0
Pr10Se14O,1.89
La2Sn5Rh3,0.0
MnSe,2.5
Ba5In4Bi5,0.0
SrMnGe,0.0
CoAsS,0.6
Li5(BiO3)4,0.0
CsSb(SO4)2,4.68
Ga2O3,4.4
LiCa2In,0.0
Na2Zn(SnS3)2,2.93
TaGaSe2,1.65
NiCO4,0.0
MgSbPt,0.0
LaZnAu2,0.0
Bi2Te2.1Se0.9,0.29
Ba3Nb2Se9,1.3
Li3(CoO2)4,0.0
TaAl3,0.0
NdLuSe3,1.61
KCu3S2,1.46
Ho2Ge5Rh3,0.0
LuAu,0.0
GaSiAgSe4,2.63
YbSnRh,0.0
Ga2Si(AgS3)2,2.35
K6Ta1.03Nb2.97S25,2.01
Mg2RhAu,0.0
PrTe2,1.02
NaInS2,1.9
CsIr,0.0
In3CuTe5,1.01
TmMg2Sc,0.0
PrErMg2,0.0
Sm4InSbS9,2.13
Zn3Sb2,0.11
Cs2SiB4O9,6.53
Ba4Ga4SnSe12,2.16
SmNiAs,0.0
Sr2Pr2Pt1O7.07,3.05
Cs2Al2B2O7,4.13
Li4Mn5Nb3O16,0.0
Sr2YReO6,0.0
Zn0.25Ga0.75P0.75Se0.25,2.18
Nd5Ge3,0.0
SmBiW2O9,3.39
Sm(ErSe2)3,2.0
Li4.5Ga0.5Te1O6,4.99
Zr6O,0.18
KH3(SeO3)2,4.88
Ce4(GeS4)3,2.3
Al0.6In0.4P1,2.3
Ga1.8Cu0.2Se2.8,1.86
DyAgHg2,0.0
ZrCd,0.0
Na3Sb,1.0
V2O5,2.3
CaZn3Ni2,0.0
Hf7P4,0.0
Ho(MnSn)6,0.0
Ti2ZnS4,0.0
Sc3PbC,0.0
Ce2S3,1.12
Zr2Ni12P7,0.0
Pr4InSbSe9,1.89
K2Ho4Cu4S9,2.43
DyMn2,0.0
U2Re2C3,0.0
Li2Co4O7F,0.0
Ta11(CuO15)2,2.59
Sm2TlHg,0.0
Pb1Se0.95S0.05,0.26
YAs,0.0
Th(SiRu)2,0.0
La4Co3O10,0.0
EuTiO3,0.0
EuCd11,0.0
MnSbRh2,0.0
KPPbO4,4.44
AlB12,1.9
IrS2,0.9
ThAsSe,0.0
Li4.5Cr0.5Te1O6,1.79
TlCr5(Se3S)2,0.75
Ga1.8Cu0.2S2.8,2.65
MnGaPt,0.0
PdO,0.8
Li3Ti2(PO4)3,0.0
NiI,0.0
Sr10Al4Si6O,0.0
Ce2Se3,1.75
Cd13I28,0.0
Li6Fe3Co7O20,0.0
Cs2ZnGe3Te8,1.07
Nd(Al4Co)2,0.0
Na8NbO6,0.0
YbIn4Ni,0.0
Mg5B3O9F,5.63
Cr3Ni(PO4)6,0.0
SrTl2,0.0
Ce4Te7,0.5
Mn3NiN,0.0
Ba2ErGaSe5,1.95
NaAsSe2,1.46
CsGeB3O7,5.76
LiHoO3,0.0
CsPPbO4,4.39
GaBi25O39,2.99
YbZnPt,0.0
Sn3WO6,2.49
TiTlSe2,0.56
Zr5Al3,0.0
AlCuTe2,2.06
Fe10O9F11,0.0
BaAl2,0.0
Cs2Cd0.25Hg5.75S7,1.66
CsYTe3O8,3.4
HoSiRu2C,0.0
Bi12Rh12O41,0.0
Re3P4,0.0
EuAgSb,0.0
CsTiF4,0.0
Ti2Sb(PO4)3,0.0
Al2CrS4,0.0
In4Cu2Te7,1.1
SrCd,0.0
Zn0.95Ga0.05P0.05Se0.95,2.4
HgOsPb2,0.0
K2Ta15O32,0.33
Sm3Al0.33Si1S7,2.26
EuB(SbO4)2,3.46
Ho4C7,0.0
Hf5Sb9,0.0
Pr2InPd2,0.0
Li7(Mo3S4)4,0.0
AsAu3,0.0
ErFeC2,0.0
U2Cr30P19,0.0
ScCdAg2,0.0
TmScHg2,0.0
Tl2Hg3S4,2.05
Hf2S,0.0
La10Mn9O30,0.0
Li4Mn5NbO12,0.0
MgSbF6,0.0
K(GeSe2)2,1.8
CsNi2F6,0.0
Dy3Al0.5Si1S7,2.22
La3(BN2)2,0.0
B6P,3.3
BaYbSn3,0.0
Mg3Al9FeSi5,0.0
Dy2Sn5,0.0
LiZn(Fe5O8)2,0.0
Sb2Se3,1.0
SnSe2,1.62
KPSe3,2.08
CsEuF3,0.0
K2S,2.1
SrTlHg2,0.0
YbIn4Rh,0.0
V2Si2O7,0.0
YCuO2,3.5
Bi2Te0.1Se2.9,0.78
TlGaTe2,1.8
ScCdHg2,0.0
Y4US5O3,1.95
Ga1.01Sb0.99Te0.03,0.68
KFe2BiO5,1.76
La(InS2)3,1.03
Sn0.01Te1Pb0.99,0.23
Al0.01Ga0.99P1,2.27
YSi2,0.0
Tl2TeS3,1.6
SrSnP,0.0
Na2Be4B4O11,7.3
Ga0.95Hg0.05Sb0.95Te0.05,0.69
CsTbZnTe3,2.12
Zn0.99Ga0.01As0.01Se0.99,2.59
Ta7Cu3O19,2.47
Cu23(Sb4S13)2,0.0
K2TeI6,1.38
Ga1.002Sb0.998Se0.006,0.7
TbYbHg2,0.0
Ba2Ga8GeS16,3.0
Nb3CuO8,1.47
YMgGa,0.0
K3Ti2P5S18,1.61
AlFe4(CuO4)3,0.0
LaGaS3,2.5
Sc2CuRu,0.0
InP,1.25
La(PRu)2,0.0
Zr3Hg,0.0
HfSe2,2.2
In0.99Ga0.01As0.01P0.99,1.3
NdNiC2,0.0
Y(SiRh)2,0.0
TbCu5,0.0
PSe,2.5
CsSbS2,2.8
InCuTe2,0.8
In3Bi7(Pb2S9)2,0.0
Te0.4Se0.6,1.2
Li4Fe7(OF7)2,0.0
MnV(TeO4)2,1.9
VPt2,0.0
Ba2Sb7HO14,2.7
TlGaSe2,1.65
Cr2P3O11,0.0
GaAgS2,2.56
In0.2Ga0.8As1,1.07
Ge0.25Te1Pb0.75,0.44
Li6FeO5F,0.0
Cd8B5O15F,3.14
SmAg,0.0
TiCoSb,0.95
La8Sb2S15,2.3
LuScZn2,0.0
Ba2CuWO6,0.0
CuCN2,0.0
CuHg(SeO3)2,3.25
Ba4Ga5CuS12,2.82
Yb(MnAs)2,0.0
TbIn2Ni,0.0
Ce2Cu(NO)2,0.0
Zn2In2S5,2.5
Mg(FeO2)4,0.0
Zn0.01Ga0.99Sb0.99Te0.01,0.72
TeI,1.1
HoCo3,0.0
Dy3(CuGe)4,0.0
GaCuGeSe4,1.38
Li4NbNi3O8,0.0
Hf2Hg,0.0
Ba3(AlGe)2,0.0
LiZrRh2,0.0
Zn0.65Hg0.35Se1,1.0
Sm(CoSi)2,0.0
BaMn4O7,0.0
U3Bi4,0.0
V12P7,0.0
Cu1.8S1,2.3
InPt,0.0
MgCuSn,0.0
TbTe,0.0
Li3(CuO2)2,0.0
Gd2Mn4S7,1.44
KPSe6,2.16
Sb2Os,0.2
In0.7Ga0.3As0.3P0.7,1.58
Zn3(BO3)2,2.6
DyInPt2,0.0
YVTeO10,2.2
YbAs,1.02
CdCu(SeO3)2,3.33
Sr2YBi2O7,0.0
CeMgAg2,0.0
Na11Bi5O16,0.0
Cu9Se4(Cl3O7)2,0.0
Ca2Ti9O13,0.0
BaGe4(RhSe3)2,1.09
CsAg5Te3,0.65
Cu2SnSe3,0.7
Li2V3FeO8,0.0
FeAgSe2,0.23
Hf3Zn3N,0.0
K1.25Bi7.25Pb3.5Se15,0.53
Bi9S6O7.5,1.27
K2Ga3CuSe6,1.72
Tl2InGaSe4,2.05
Li2V3CrO8,0.0
K3Hg,0.0
ZrAu4,0.0
HgPS3,2.6
Ce(AlZn)2,0.0
UHg3(TeCl3)2,2.6
LaH2,0.0
Er(CrSi)2,0.0
In2FeSe4,1.15
K2ZnSn3S8,2.15
Bi2Te1.5Se1.5,0.29
Ba3Sb2S7,2.4
Cd3Bi2,0.2
K2In3AgSe6,1.64
Nb2Pb2Se4O15,2.79
In2O3,2.8
Ca3TlN,0.0
Sr4Ga8Ge15,0.05
In0.2Ga0.8As0.2P0.8,2.15
K6Cd4Sn3Se13,2.33
KHg,0.0
HfO2,5.55
NbCu3Se4,2.45
Mg5Ti13O30,0.0
MnGeRh2,0.0
NbOsPb,0.0
In1.8Cu0.2Se2.8,1.26
SbI3,2.12
MgCo2(PO5)2,0.0
Mn5O7,0.0
Cs2Sn3(SbS5)2,2.34
LuHfRu2,0.0
Dy(CuTe)3,0.34
Ga1Sb0.8As0.2,1.02
Bi2Te0.3Se2.7,0.24
HoSb2,0.0
CeHSe,0.0
Lu2CdAg,0.0
Li2Ga,0.0
MgRhF6,0.0
Ba4Ga4GeSe12,2.18
Zn0.8Hg0.2Se1,1.4
Bi2Te2.4Se0.6,0.25
Ga0.07Te1Pb0.93,0.34
Ba2B6O11,5.17
LiGaSe2,3.13
Eu(GaTe2)2,1.7
Sm4MgRh,0.0
HoNiGe,0.0
Er(CuGe)2,0.0
Sb2I2F11,0.0
CsCd4Ga5Se12,2.21
Cu3(BiI4)4,0.0
Ge0.02Te0.98Pb0.98S0.02,0.34
BePd3,0.0
Li6FeNi9O20,0.0
CdAsPd5,0.0
NaSbF6,3.76
Hf3(CuSi)4,0.0
Cs2Hg3I8,2.56
Hg7.5As4Cl6,1.73
TiS2,1.95
Nd2S3,2.65
Sc2Fe,0.77
Ca5Sb3,0.0
Li4Cu(PO4)2,0.0
DyNiSn,0.0
LiGaPt2,0.0
TiAuCl,0.0
SmTmZn2,0.0
Cs2SCl6F,0.0
RbAgF3,0.0
NaY(Te2O5)2,3.9
LiMgN,3.2
BiSbTe3,0.19
Al10V,0.0
Ta4N5,0.0
LiLu2Pd,0.0
BaTi4O8,0.0
Ba2In2Se5,2.12
CsAg2AsS3,2.7
NdScGe,0.0
EuCuSeO,0.0
Cs10Cd4Sn4S17,3.16
NaNO2,2.99
CaEuO2,0.0
La(SiOs)2,0.0
Ba(PdO2)2,0.0
CeCdAu2,0.0
CeAlO3,0.0
Tb2In16Pt7,0.0
AlSb,1.32
LuSi2Ni,0.0
LiYbPb,0.0
NdInCu,0.0
Cr7C3,0.0
BiPbBrO2,2.3
Te0.8Se0.2,0.4
Zr6NiCl15,0.0
Sr4V2(Se2O7)3,2.66
Nb3Os,0.0
TlCr5Se8,0.67
TlHg6Se4Br5,2.8
Tm2ZnGa,0.0
ScAlNi2,0.0
PrCd,0.0
KIn(TeO3)2,4.0
Lu7(TePd)2,0.0
ZrSe3,1.25
InSnAsSe,0.26
Sr2HoRuO6,0.0
La2In,0.0
KEuS2,0.0
MgMnRh2,0.0
Ca2MnAlO5,0.0
CoAsRh,0.0
OsS2,2.0
CdGeP2,1.65
ZrS2,2.75
Ag7(SI)2,0.0
K2Se,1.8
Li2FeGeS4,1.42
Ba3NaIrO6,0.0
ZrTi2O,0.0
Y4AsSe3,0.0
SiHg3,0.0
BiSBr,1.88
CsSmZnSe3,2.43
RbZrPSe6,2.0
Mg2Ge,1.67
K2Hg3(GeS4)2,2.64
Na2In2SiS6,3.27
VGa(TeO4)2,3.0
BiSCl,1.89
La2YbCuSe5,1.15
Eu(InTe2)2,1.22
TePb,0.19
Mg2Sn,0.14
LuScRh2,0.0
V3Cu,0.0
RbIn4,0.0
HfTiF6,0.0
Th(Al5Fe)2,0.0
Zn3As2,0.51
Tb3Ge5,0.0
VCu3S4,1.0
Sm3AlN,0.0
Na3Re,0.0
NbSiIr,0.0
Cs3Sb,1.6
Cs3As,0.6
K3NaSn3Se8,2.2
La3AlN,0.0
YbNdAg2,0.0
Na3Mn2(GeO4)3,0.0
Bi1.98Sb0.02Te3,0.14
Li4Fe3NiO8,0.0
Eu(DySe2)2,1.8
Ba2GaSbTe5,1.66
CaAgF5,0.0
Rb2FeI4,0.0
Li5Cr2Ni5O12,0.0
LuAlAg2,0.0
Zr3(Al2C3)2,0.0
YH2,0.0
Bi3I4O13F3,3.7
CdSb,0.42
La2PdO4,0.0
ZnGeAs2,1.05
SiW3,0.0
AlAgO2,3.6
In1.65Cu0.35Se2.65,1.19
La2.1Bi5.9Pb2S14,1.0
Cu2PHO5,0.0
Li2B4O7,7.3
Th(MnGe)2,0.0
ThSO,2.22
BaGe2,1.0
Li2MnO2F,0.0
Ni23B6,0.0
TlSnAuSe3,1.2
Cu4Pd,0.0
BaPdSe6,2.15
Zr2HBr2,0.0
Na2LiTa,0.0
Yb(InS2)3,1.31
Cd0.1Hg0.9Se1,1.3
Sn2BiS2I3,0.9
BiIO3F2,3.97
CaYbInSe4,0.0
Ge0.05Pb0.95Se1,0.28
Ga1.1Cu0.9Se2.1,1.59
ScAg,0.0
Te0.01Pb1Se0.99,0.26
CsMg149,0.0
Ba2CaOsO6,0.0
Sb2Pt,0.05
TiC,0.0
Ga1Sb0.3As0.7,0.67
Au3S,0.0
LaCdAg2,0.0
Sn2WO5,2.6
Tl3AsSe3,1.3
Al0.1In0.9P1,1.5
Ga2SiPbSe6,2.17
CaF2,9.92
YbGeRh,0.0
Rb7Th2(P2Se7)3,2.07
Bi8Te7S5,0.4
Zn2InCuTe4,1.05
Ba2SmInTe5,1.36
Sn0.15Te1Pb0.85,0.1
V2Zn3TeO10,2.96
Sc7CI12,0.0
Ba2CoWO6,0.0
Eu4Te7,0.31
V3Pt,0.0
Re(TeCl6)2,0.0
ZrInRh2,0.0
USi3,0.0
Tb2O3,3.0
NaCd2Au,0.0
Cu3SbS4,0.75
TbPt,0.0
Ga1.002Sb0.998Te0.006,0.7
Ga5Pd13,0.0
Tc3Pd,0.0
GaAs2W,0.0
ZnCu2SnSe4,1.44
Eu2TeO2,0.0
Zr7Sb4,0.0
Sr(CeS2)2,0.0
TlN3,3.58
Zr3(Cu2Si3)2,0.0
Mg3(Ni10B3)2,0.0
CoGe,0.0
Tb(CoGe)2,0.0
LuIr2,0.0
CaCdPd2,0.0
ZnWO2,0.0
GePt2,0.0
LiAsS2,1.6
Li12Fe5O16,0.0
Sc3GaC,0.0
Zr2Te,0.0
La4Fe(SbSe5)2,0.85
MnAl3,0.58
YV(BiO4)2,2.09
Ba2ScTaO6,4.19
Rb2AgPS4,2.6
BaTe,3.4
CsInHgS3,2.3
Na0.5Ge1Pb1.75Se4,1.6
ThS,0.0
Zr1.86Cu1S4,1.26
ZnAgF5,0.0
Al0.5Ga0.5As1,2.12
Sm2(PPt2)3,0.0
CsVP2S7,0.0
Mn3PtN,0.0
LuCdAg2,0.0
K2Ge3(BO5)2,5.38
Nd5Ge4,0.0
B2O3,4.89
Eu2C(NO)2,0.0
Sm2Cu4Sn5,0.0
EuTiClO3,0.0
Ga1As0.5P0.5,2.0
In0.4Ga0.6As0.6P0.4,1.74
Yb(GaSe2)2,1.8
In1.85Cu0.15Se2.85,1.32
Ca3Cu2(ClO2)2,0.0
KCoO2,0.0
Si0.109Ge0.891,1.13
In1Sb0.5As0.5,0.1
ZrCrSi2,0.0
VZn2BiO6,2.4
LiV2NiO6,0.0
W2N,0.0
PdPb2,0.0
Cd(InSe2)2,1.3
Ge0.1Te1Pb0.9,0.35
MgF2,11.1
TlCdS2,1.5
ErHg2,0.0
BaZn5,0.0
Tb5Tl3,0.0
Ti10O11,0.0
RbBi2,0.0
Cu4Sn7S16,0.8
Tl0.001Te1Pb0.999,0.3
TbBe13,0.0
BaBSbS4,2.34
La2VNiO6,0.45
SrRhF6,0.0
CsWCl6,0.0
Ba2SnSe5,1.8
KNb3(SeO6)2,3.46
Ba3Co10O17,0.0
Ba2ErInSe5,2.29
Mn2Hg5,0.0
Ba(InS2)2,3.06
CoN,0.0
BaTbMn2O6,0.0
Al0.35Ga0.65As1,2.0
Y(CrSi)2,0.0
Zn2TeMoO7,4.1
CsBiSe2,1.07
ZnSi(AgS2)2,3.28
CsSmCdSe3,2.45
YH2NO5,4.83
In1Ga1Cu1S3.5,1.84
CsInGeSe4,2.32
Hf5Si4,0.0
In1.6Cu0.4Se2.6,1.32
TbRh2,0.0
Tl4CdI6,2.8
V2Bi4O11,2.0
PPdS,1.38
YVSeO10,2.7
Ti3Pt5,0.0
NaI,5.8
NdSmHg2,0.0
K1.83Cd1.83Bi2.17S6,1.37
Hg2Sb2O7,0.0
TbZn2,0.0
Eu2Ge(BO4)2,0.0
CaSe,4.87
ZrO2,4.99
K2Au(IO3)5,2.65
La3Mg0.5Sn1S14,1.71
Bi2Te1.2Se1.8,0.28
Ba2V2ZnO8,3.48
EuSeClO3,0.0
Hf5Te4,0.0
Sr8.007Ge2.043Bi7.949Se24,0.74
VCu3(PO4)4,0.0
Dy2(MoO4)3,1.92
ZrHg4(PCl3)2,3.22
Tl3Si,0.0
Eu3S4,1.7
PmMgRh2,0.0
LuGaRh2,0.0
CdAuO2,0.0
YIn2Ni,0.0
MnI2,4.04
CdSiAs2,1.47
CeLu3,0.0
MnNi,0.0
Sc3Fe2Si3,0.0
TiPd,0.0
Cd0.2In2.4Ag0.4Te4,0.42
Rb4Mo5(PO11)2,3.51
La2PC,0.0
MgMnO3,0.0
Eu3Bi4S9,1.18
TiAlAu2,0.0
KY(TeO3)2,3.8
Tb3Si,0.0
SnGe,0.4
LiThAu2,0.0
Y3Fe29,0.0
RbNbSe2O7,4.1
P2Rh,1.0
KSbS2,1.6
Pr(InS2)3,1.14
Rb2Cd(IBr)2,3.35
V3Si,0.0
V2NO,0.0
NbCrN,0.0
Ga1.7Cu0.3S2.7,2.55
Rb2Cd3S4,2.92
Te2Mo3Se4,0.0
Nd2ZnGa,0.0
DyZnRh2,0.0
MgTi4O6,0.0
BeFe2Si,0.0
AsS3,2.35
Mg3Ga7Co2,0.0
Sm2Tl,0.0
AlPd5I2,0.0
KBi3S5,1.21
Ce3TaO7,0.0
Eu(GaS2)2,2.25
Li2CdSnS4,3.26
CdP4PbO12,4.85
MgTi11O20,0.0
Li3CrCo3O8,0.0
SmCo2,0.0
Ga1.05Sb0.95Se0.15,0.66
Gd6Ta4Al43,0.0
Mo2NCl8,0.0
ScSbPd,0.23
NaZrCuTe3,0.0
RbCuSnSe3,1.04
Sc3C4,0.0
Li4Mn(WO4)3,0.0
Cd3Bi(PO4)3,3.9
In2HgS4,2.0
TmMnO3,0.0
Sr(CoP)2,0.0
CuBS2,3.61
ZrIr2,0.0
TbH2,0.0
Li5Fe6(BO3)6,0.0
Cs2Cd(PSe3)2,2.63
Co(WO4)2,0.0
Ba2Zn0.2B2S5.2,3.54
SmHgPd,0.0
KScO3,0.0
TbNiO3,0.0
Sn1Se0.2S0.8,1.03
Ga1.99Cu0.01Se2.99,1.99
Ho(InS2)3,1.23
AlP,2.42
ScCrO4,0.0
Gd2(MoO4)3,4.06
Tm2O3,4.53
TbMn5Ge3,0.0
Rb2Cu2Sb2S5,1.6
Mg3Ru2,0.0
Li3Fe(SbO3)4,0.0
Ti3Cu3O,0.0
InPS4,3.12
Na2In5Au6,0.0
SrCdSi,0.0
V2Sb(PO4)3,0.0
La10Si8O3,0.0
Ce(CuSb)2,0.0
Fe2O3,2.2
InAgTe2,0.93
Li4TiCr3O8,0.0
Li2PrIn,0.0
Ba3Eu(PO4)3,4.09
DyIr2,0.0
Li7(NiO2)11,0.0
ScCd,1.71
ReOsRu,0.0
PrLuIn2,0.0
In2Bi3Se7I,1.38
Sm(BOs)2,0.0
BaHgS2,1.93
Mn3PdN,0.0
SmHoZn2,0.0
LiIn(IO3)4,4.27
SnSe,0.88
La2YbCuS5,1.45
NaSbS2,1.48
Cs2Li3(BO2)5,7.3
Mg3Rh,0.0
K3Bi2I9,2.1
Sr8Co8O23,0.0
Er2MnC4,0.0
HoAlAu2,0.0
Ag3AsS3,1.86
Ga1.001Sb0.999Se0.003,0.71
BeGaO3,0.0
Mg2PdAu,0.0
CeCd2Ag,0.0
BaAg,0.0
Li2(LuGe)3,0.0
MgSi7Ir3,0.0
Ga1.05Sb0.95Te0.15,0.68
Cu7Hg6,0.0
In1Sb0.2As0.8,0.12
CuMoO4,0.0
Bi2Te0.45Se2.55,0.2
Ba3Ta2Se9,1.6
Ag2O,1.4
Zn3(PS4)2,3.07
Nd2Se3,1.7
NaLa2TaO6,4.5
Zn0.2Hg0.8Te1,0.07
EuAlO3,0.0
Zn4Sb3,1.0
Si0.9Ge0.1,1.04
Sn0.23Te1Pb0.77,0.04
ZrHg4(AsCl3)2,2.48
Mg32Al36Ag13,0.0
PrTmTl2,0.0
Mg2MnN2,0.0
Li3Cr3(CuO6)2,0.0
Ge0.1Pb0.9Se1,0.3
Ce2Al2Co15,0.0
DyRh,0.0
HfOs2,0.0
K0.8Sn2Hg1.2S8,2.78
Ba2YGaTe5,1.08
Al2FeNi,0.0
NiS2,0.64
YSbPt,0.16
KTa3(TeO6)2,4.06
LiB9PbO15,4.75
ReSe2,0.99
BiClO,3.46
CeSiIr,0.0
Cs2PdSe8,1.5
Li3(CuO)4,0.0
TeWCl9,0.0
YSbPd,0.27
Fe2Te3,0.34
InCuS2,1.5
Cd0.99Ga0.01Sb0.01Te0.99,1.35
Cd0.28Hg0.72Te1,0.21
LiY(CuP)2,0.0
Tl0.07Te1Pb0.93,0.54
TaCoSn2,0.0
NbAg2(PS4)2,2.02
Ni2PO5,0.0
Bi2(BO3)3,0.0
Ba(GaSe2)2,3.16
Cs3PW3O13,3.27
RbBr3,0.0
U6Co,0.0
Te2W2SeS,0.0
NaNb2PS10,1.72
Li2InAg,0.0
Ag7AsS6,1.0
YbZnAu2,0.0
CaIn2Ir,0.0
Cr3Se4,1.59
Ba3Gd2(PS4)4,3.41
KBi2,0.0
KAsSe2,1.62
Cs2Pt(IO3)6,2.4
Si0.458Ge0.542,2.24
TlTeP,0.3
Sr2Cu(ClO)2,0.0
UHg4(AsCl3)2,1.9
In2Te,0.46
YHg2,0.0
DyFeSi,0.0
ZrMo3,0.0
Cd12Ge17(B4O29)2,4.29
Sn0.17Te1Pb0.83,0.15
Mg3Ge,0.0
Lu5Si3B,0.0
Dy2O3,5.0
Zr3Al2,0.0
YAlGe,0.0
ErCu,0.0
LiFe2(PO4)3,0.0
Er2O3,5.42
Yb(HO)3,0.0
Zn0.99Ga0.01P0.01S0.99,3.7
ZrS3,2.17
CsGaSnSe4,1.97
Li5La3Nb14O42,0.0
Nd(PRu)2,0.0
Ba2CeInTe5,1.35
Li2NdSb2,0.0
Mg(SnO2)4,0.0
La2TiCoO6,1.02
Cu3(P2O7)2,0.0
Er5NiPb3,0.0
PrMgGa,0.0
In1Sb0.01As0.99,0.17
Sr2La2Pt1O7.13,2.52
Ce(MnSi)2,0.0
Cu2GeS3,0.53
NiAsO3,0.0
ReS2,1.0
SbPbIO2,2.48
SrNi5As3,0.0
Ho10Si17,0.0
LaBPt3,0.0
LiBi2(PO4)3,0.0
PbI2,2.32
TcSe2,0.88
RbEuO2,0.0
Tb2C3,0.0
Ti5(B6O13)2,0.0
Cd0.99Hg0.01Se1,0.29
CsCaO3,0.0
SmIn2Rh,0.0
La4InSbS9,2.07
RbCaBO3,3.67
Gd2Zn17,0.0
Ce(CoAs)2,0.0
Nd(InS2)3,1.15
HoTh3,0.0
LiI,5.62
Cs2Ti(AgS2)2,2.44
LaIn2Ir,0.0
EuSnTe2,0.6
Ba2GdGaTe5,1.12
BaGa2SiS6,3.75
Cs3V2Cl9,0.0
Cd0.23Hg0.77Te1,0.12
Na4Eu(GeS3)2,2.15
K8N3O,0.0
HoInPt,0.0
InSb2S4Br,1.8
Cu3Hg2(Te3O8)2,2.56
Eu2Se3,1.02
Li7Ti5O12,0.0
Ti2CuS4,0.0
CuPO4F,0.0
Cs2TeBr6,2.12
As2Rh,1.15
CoP3,0.45
P2H4RhO9,0.0
Sm2AlCd,0.0
BaGa2SiSe6,2.88
Ca(TiS2)4,0.0
Gd4GaSbS9,2.41
FeBi25O39,2.8
Tl0.04Te1Pb0.96,0.57
K2In3CuSe6,1.68
La6Sb4(SO4)3,2.6
PrSm3,0.0
Pr2Te3,1.16
Sc6Te2Os,0.0
Ca(GeRh)2,0.0
ErB6,3.5
ScZnPt2,0.0
In2Se3,0.97
Ga0.005Te1Pb0.995,0.37
Ce2CrN3,0.0
EuVO4,3.26
Y(Al2Cu)4,0.0
Te0.5Pb1Se0.5,0.29
Sm3(Sb7Te12)2,0.0
Fe2S,0.0
Pr6Fe13Si,0.0
YbTe,1.8
SbSI,1.82
ScGa2,0.0
Cs2Cd1.35Hg4.65S7,1.84
Tb(Al2Fe)4,0.0
VZnRu2,0.0
Tl6Cu(TeO5)2,2.3
Yb6U3O17,0.0
TlSbTe3,0.38
Bi2Te3,0.25
Hf(CoSi)2,0.0
TaNO,2.4
Al21Pt8,0.0
Rb3Nb2AsSe11,1.5
AgI,2.8
PrAu,0.0
ZrSiTe,0.0
Yb16S29,0.0
YNi4B,0.0
K10Zn4Sn4S17,3.1
NaSi2Pd3,0.0
Ba(BO2)2,6.2
Nd3(GeRu)2,0.0
In0.4Ga0.6As0.4P0.6,1.85
GaP,2.74
LiCd2Rh,0.0
Rb2Pt(IO3)6,2.4
Sn0.99Te1Pb0.01,0.26
Cd0.1In0.9Te0.1As0.9,0.69
LaAl12O19,0.0
Pr2InGe2,0.0
V3SiNi2,0.0
Lu3InN,0.0
Si0.4Ge0.6,0.9
ReCl4,0.0
Li2SnHgS4,2.32
Fe2B(PO4)3,3.52
EuH2,1.85
Cd4P2I3,2.17
LaMg3,0.0
Rb2Sn2Hg3S8,2.48
AsSeBr,0.0
Ho(SbO3)2,0.0
FeAs2O7,0.0
MnP2,0.0
Ba2SnSe4,1.9
Li3Ni2(GeO4)3,0.0
CeN,0.7
GaAgGe3Se8,2.17
TbNiGe2,0.0
ErNi4Au,0.0
In2Hg6(P2Cl3)3,3.13
CeAl2Pt3,0.0
Rb2VCuS4,1.85
LuC2,0.0
Na2Si2Hg3S8,2.86
Na7(CoO3)2,0.5
Hf6PbO18,0.0
Dy3InC,0.0
VFeRu2,0.0
Rb2PS5,2.3
Ag2BiO3,0.0
Sr5Cd2Sb5F,0.0
CsCd4In5Te12,1.42
Ag0.5Ge1Pb1.75S4,1.83
CuBi(PSe3)2,1.2
YTiO3,0.0
Sb6Pb4Se13,0.65
Ge(WO3)6,0.0
BeO,10.39
Dy12C6I17,0.0
CdSe,1.67
Ni(CN)2,2.0
AgN3,3.44
Ca4Al3O10,0.0
Ba3Sn0.87Bi2.13Se8,0.79
BaCuSbS3,2.0
Tl2Te3As2Se,0.67
Rb2NbCuS4,2.64
Mn3Cr3(CoO8)2,0.0
Sr(RuO3)2,0.0
ErSiPd,0.0
K2ReH9,5.71
Na5Gd(MoO4)4,3.38
Cd2PbO4,0.0
Cd(InS2)2,2.0
Zn0.7Ga0.3P0.3Se0.7,2.15
Ti2MnFe,0.0
LiGaAg2,0.0
Mg3(MnAl9)2,0.0
Ba2NdInSe5,2.2
CaTaNO2,2.4
CdHIO4,4.35
Sm(NiSn)2,0.0
Zn0.75Hg0.25Te1,1.25
NbGaCo2,0.0
CdAg2(PS3)2,2.49
ZnGeP2,2.0
Zn3P2,1.15
MgO,7.67
SiTe2Os,0.0
Sn0.05Pb0.95Se1,0.12
Zn2Sb3O8,0.0
Cu5(Si2O7)2,0.0
Er3Al3NiGe2,0.0
Sc3(MnGa3)2,0.0
EuRhO3,0.0
ThO2,3.3
MnSb3(PO4)6,0.0
AlSn,0.0
Li8Ti16CuS32,0.0
Tb6PbSe10,0.0
LiCl,9.33
Pb3Se2(BrO3)2,3.73
Ge0.03Pb0.97Se0.97S0.03,0.28
HfCo3B2,0.0
Li2PtO3,2.3
Zn0.15Cd0.85Se1,2.5
Ba4LiGa5Se12,2.65
LiBr,7.5
Tb(CuSe)3,0.16
AuBrO2,0.0
InSe,1.05
Sn1Se0.6S0.4,0.98
Tb(CuTe)3,0.46
Sc3(ReSi2)2,0.0
MgRh2Pb,0.0
ThSeO,1.65
GaCuS2,2.38
Zr6Al2Ni,0.0
Hg2Rh,0.0
GdN,1.54
Nd2Ge5Rh3,0.0
CaMgSn,0.0
Ba7Ru4Br2O15,0.0
DyZnGa,0.0
Sr2MgIrO6,0.0
Ga1As0.99P0.01,1.37
Zn0.9Ga0.1P0.1Se0.9,2.3
SiTe2,1.85
GaFe3,0.0
InBi2S4Cl,1.5
HoAlB14,0.0
Eu(SbS2)2,1.2
CeAl2Pd5,0.0
Re3As7,0.0
LiCuPO4,0.0
GeAs3,0.0
CuF,0.0
Cd0.4Hg0.6Se1,0.95
Th2GeSe2,1.98
SnPbS3,0.9
Eu3Sb4Se9,1.08
ReSi2,0.12
Hg5AsS2I3,1.57
Mn7O7F,0.0
V3Cd4(TeO5)3,2.66
Zn0.99Ga0.01Sb0.01Te0.99,2.1
V3Ag,0.0
HfB4Ir3,0.0
LiPm2Ga,0.0
Tl8Os8O27,0.0
Tl2Se,0.37
ThPSe,0.0
CrCu2Si,0.0
Al2S3,4.1
Cd0.6Hg0.4Se1,0.7
K2Ag3Sb3S7,2.2
Na15Sn4,0.0
CaPd3C,0.0
La3Ga1Ge0.5S7,2.54
Th6Mg23,0.0
Li5Mn6(BO3)6,0.0
VAg(IO4)2,2.24
KBiS2,0.86
Yb(SbTe2)2,0.34
Li2CdGeS4,3.1
Ti2Cd,0.0
GeSe2,2.3
CsSbTe2,0.43
CaSnO3,4.4
TaW3,0.0
K2Nd2Ti3O10,3.25
Li17Ti20O40,0.0
Eu2ReO5,0.0
YB2Rh2C,0.0
In1Sb0.4As0.6,0.1
Ce5(SiN3)3,0.0
NdSbPd,0.0
Nd(AsPd)2,0.0
RbY(TeO3)2,3.6
TlN,1.4
CsBi2,0.55
ScCoO3,0.0
Na2SO4,0.0
P4Os,0.4
NaAsS2,2.23
Y3Tm,0.0
Te3MoWS,0.0
ZrAlW,0.0
Cu25Se26,0.0
Na2Mo2Se2O11,3.1
La20Cu9O40,0.0
LuBPd3,0.0
LiMgSnPd,0.0
Ba2GdInSe5,2.24
LiInTe2,1.46
SmSe,0.46
Ho(SiPd)2,0.0
Ba2DyGaTe5,1.13
HgO,2.21
ZrAlRu2,0.0
HgPt,0.0
NaIn3Se5,2.17
YbAgO2,0.0
LaP3,0.0
In0.001Te1Pb0.999,0.3
Zn0.9Ga0.1As0.1Se0.9,2.34
Bi3BTeO9,2.6
ErZn12,0.0
MnTcOs,0.0
Ga2Cu1S3.5,2.42
Ce3(Al3Ru)4,0.0
AlCu3,0.0
RbInGeS4,3.1
Zr5SiSb3,0.0
Cs2Ba3(P2O7)2,6.31
Ga1.85Cu0.15Se2.85,1.92
AsP,0.23
Mg2AgIr,0.0
Er5Si3,0.0
Ba3Er2(PS4)4,3.3
Ba8Hg4Se7S5,1.98
Hg3Bi2(SCl4)2,3.26
Zr3NiO,0.0
Sb2O3,3.2
YbTlS2,0.0
In0.3Ga0.7P1,2.2
Mn(CoO2)4,0.0
TiFe2,0.0
Ga2Se2O7,4.61
ScSi3Ni,0.0
Sr8Al7,0.0
TiV4CuO12,0.0
DyGe,0.0
LiLu2Tc,0.0
Na6FeS4,0.0
PmDy3,0.0
Sc5Bi3,0.0
Dy(CuSi)2,0.0
Li2SnIr,0.0
Si2Ru,0.0
LaBiAu2,0.0
LaCuSeO,2.83
KF,10.3
LiMnSiO4,0.0
Pd16S7,0.0
CsZrPSe6,2.0
Ti4O5,0.0
Cs2ZnSn3Se8,2.12
Mg2CuWO6,0.0
Rb3Zn(BO2)5,2.66
Ti2C,0.0
U(SiNi)2,0.0
GaCuTe2,1.0
GdAs,0.63
K2.15Sb8.15Pb1.7Se15,0.6
Yb2EuSe4,1.3
Ho3Ni19B10,0.0
Hf2Ge,0.0
Na7.36Ga7.24Sn4.78Se24,1.5
CdRhF6,0.0
Li2MnCu3O8,0.0
WSe2,1.35
Zn(InSe2)2,1.82
CrPbO4,2.25
BaCdSnS4,2.3
NaInSe2,2.8
In0.04Te1Pb0.96,0.37
Sr3Sb2,0.0
NdAs,1.04
K2Cd3S4,2.75
Mn3Al10,0.0
Ga3Pt2,0.0
La3GaCuSe7,1.36
Li15Mn2O12,0.0
Si2Te3,2.0
LuSiIr,0.0
KI,5.61
Li2GaPd,0.0
Lu4C7,0.0
Be3Sb2,0.67
BaTiO3,2.96
YbWClO4,4.23
TlCr5Se5S3,0.8
Er3SnC,0.0
SmCo3B2,0.0
VNi5(PO4)6,0.0
Nd2Te3,1.12
IrSeS,1.2
Zr2In5Ni,0.0
Ho(SiPt)2,0.0
Ba2Yb(CuO2)4,0.0
K2Ce(PO4)2,2.46
CeSbO3,0.0
KTm,0.0
SnS2,2.43
GdInIr,0.0
Ba3N2,0.0
EuSb4Te7,0.54
Ba7B3O9F5,4.94
Na10(Ga2Sn)3,0.0
Li4.5Mn0.5Te1O6,1.97
LiCdBO3,4.28
Ti2RePd,0.0
BaGa4S7,3.54
Ba3GeS5,3.0
Mg2V9O13,0.0
Lu2TlCu3Se5,2.12
BiSeO3F,3.83
CuCl,3.2
Te2Pd,1.8
YbDyPd2,0.0
Ce4Bi3,0.0
ThIr5,0.0
KCu2BiS3,1.29
GeP,0.95
CsNa2Sb,0.8
RbUAgS3,0.0
Mg(CoS2)2,0.0
Ba2NdGaSe5,2.18
Te0.99Pb1Se0.01,0.3
TiTe2,1.0
CeMgPt,0.0
ErCuPb,0.0
NaLaS3,2.61
Li6Fe9CoO20,0.0
Ga1.95Cu0.05S2.95,2.64
CsB3O5,7.42
PrMoO4F,3.64
Al0.7In0.3P1,2.3
Li5Fe2Ni3O10,0.0
K2ZnTe2,3.0
Cu6PbO8,0.0
Cu2Se,1.1
ScTiNbO6,3.58
La2MnNiO6,1.2
UPt3,0.0
K2Cd3Se4,2.36
Eu3BWO9,0.0
EuBiW2O9,3.63
Na2In4Se6S,1.92
Hg3Sb,0.0
La2S3,2.77
ReF6,0.0
La(SiRu)2,0.0
TlS,1.36
Te3As2,1.59
YbB66,1.27
Ba5(Ga2Se5)2,2.2
Rb4Ge(PSe3)4,2.0
Cd1Se0.45S0.55,2.05
TlSbSe2,0.82
CuSeO3,0.0
BaZnGeSe4,2.46
TlHg6S4Br5,3.03
Li3VOF5,0.0
Co5Ge7,0.0
NbCuO3,2.0
Ba2V2Te2O11,3.16
Te2Mo(WS2)3,0.0
LiSm3SiS7,2.83
In1Sb0.8As0.2,0.21
Ba3(LiSn2)4,0.0
Mg5As,0.0
Ga1As0.4P0.6,2.1
RbTbSe2,2.5
Sm2AgRu,0.0
Ho2Co17,0.0
Na2Hg3(GeS4)2,2.68
CsHo9(Cd2Se9)2,2.06
Te2Mo2WSe4,0.0
Li2(FeO2)5,0.0
Tm(GeRu)2,0.0
RbCd(BO2)3,4.2
ZnO,3.2
Sb2XeF14,0.0
RbGe3,0.0
ThRh2,0.0
TmSb,0.0
HfHg4(AsCl3)2,2.47
EuAl2O4,2.74
Tl2InGaTe4,0.88
Li7Ti7O16,0.0
BSe2Cl,0.0
Rb6O,0.0
Pm2CuGe,0.0
SeS,1.9
Li15(FeO4)4,0.0
ZnI2,4.53
YbCuSi,0.0
KC60,0.0
CrSi2,1.3
KNb3(TeO6)2,3.52
CeF3,4.85
MgV4O6,0.0
ZrRu3C,0.0
Na2Cr7O14,0.0
TiS3,0.9
Sm(SiAg)2,0.0
Li2Cu2S3,0.0
Cs2Hg3S4,2.8
CsK(PSe4)2,2.36
Bi2Pt,0.0
Cr3N2,0.0
InAgS2,1.88
Ba2DyInTe5,1.35
Nb3Bi,0.0
Li3Co3SbO8,0.0
Sr7Bi23O40,0.0
Cs3Sn3Cl7F2,2.96
Bi5IO7,2.76
Li4VF7,0.0
Tm2ZnHg,0.0
Ti3Fe3O,0.0
Ba2B6H4O13,6.53
Li2Nb2(PO4)3,0.0
Er2Se3,1.66
Sn0.08Te1Pb0.92,0.13
NaSb,0.82
In0.72Ga0.28As1,0.55
La2PI2,0.0
Ce5Si3,0.0
ScBPd3,0.0
TmCdAg2,0.0
Al0.3In0.7P1,1.9
Bi2Te0.4Se2.6,0.7
NbCrW,0.0
K2Zn(SnSe3)2,1.71
In1.01Cu0.99Se2.01,1.08
Bi2Te0.6Se2.4,0.28
Cs2Hg6S7,1.63
CaMg2N2,3.25
KAu(IO3)4,2.75
K2Gd2Sb2Se9,1.33
Yb3V,0.0
Ge0.15Te0.15Pb0.85Se0.85,0.32
Sb8I2O11,2.72
CsCu(SbS2)2,1.7
Li3Mo2P5O18,0.0
KHg2,0.0
Cs2Ga2S5,3.26
LiZr2Os,0.0
Ca2ZnRh,0.0
ErTe,0.9
V3As2O9,0.76
Lu(SiOs)2,0.0
Y(AlSi)2,0.0
Ba3ThSe7,1.96
CuBr,2.9
Zn0.55Ga0.45P0.45S0.55,2.3
CsK2Sb,1.0
Eu2CuO4,0.0
U(MnSi)2,0.0
Al0.6Ga0.4As1,2.3
NdPt,0.0
CsGdZnTe3,2.13
Ba2Ga8SiS16,3.4
Na5Fe6(SiO3)12,0.0
K2Hg3Se2.97S1.03,2.11
BeTcSe,0.0
Cd2AgRh,0.0
ScSbRu2,0.0
CaZn2,0.0
Eu(LuSe2)2,1.7
EuSb4S7,0.98
YbCe2CuSe5,1.05
Mn0.1Te1Pb0.9,0.49
Rb3Tm,0.0
Cu0.5Ge1Pb1.75S4,1.48
CrAs,0.0
SiB3,2.0
LiErAu2,0.0
ScRh3C,0.0
EuTe,1.96
Mn2P,0.0
HgI,2.37
Nd3Te4,1.6
TiTc2Sb,0.0
Lu3TlC,0.0
Na0.8Li0.2As1Se2,1.57
Dy(Al2Cu)4,0.0
Na2Hg3Se1.49S2.51,2.03
ZnGeN2,2.9
Yb(Al2Mo)2,0.0
Ba3ZrRu2O9,0.0
RbMn4Ga5Te12,1.53
Zn(InTe2)2,1.8
Nd(Re2Si)2,0.0
Gd(CuSe)3,0.14
MgAgAs,0.0
Ca3Au,0.0
SiSb3,0.0
RbSc(SeO3)2,4.9
Fe3B,0.0
ZrPd2,0.0
Sm3Al,0.0
Ca5Ir,0.0
Tb(MnGe)6,0.0
NaInTe2,1.6
CsPSe4,2.44
Ce(CoB)4,0.0
Al2Te3,2.2
Ru3Cl,0.0
YScO2,0.0
Li6Mn5FeO12,0.0
Mg3Bi2,0.0
MoSe2,1.6
Ti1C0.9,0.3
LiEuH3,1.5
Sc2(PO4)3,0.0
TmAlCu,0.0
Yb(AlGa)2,0.0
Pb17(Cl9O4)2,3.44
ZnHg3(SCl2)2,2.65
RbCd13,0.0
Ba2InBiS5,1.55
In0.99Ga0.01As0.99P0.01,0.3
TmGe,0.0
Pr1Te1.9,1.0
Na2Pt(IO3)6,2.4
Mg5Tl2,0.0
MnCdO2,0.0
Sn0.07Pb0.93Se1,0.08
CaInPt,0.0
CeAsSe,0.0
Bi2Te2.7Se0.3,0.2
KH(CN2)3,0.0
PrBPt4,0.0
In0.01Ga0.99As1,1.4
Mg9CuO10,0.0
Cs3Bi2Br9,2.5
Rb2Zn3(SeO3)4,4.9
Li5Co2O2F5,0.0
LiIO3,4.0
Gd3S4,0.0
AgBi(PS3)2,1.7
Li2ZnGe,1.1
GaAgSe2,1.3
Rb2NaVF6,0.0
GeSe,1.08
TaInNi,0.0
ReIr3,0.0
Lu3Ga,0.0
ZrNiSb,0.55
SmP,1.09
MnSi,0.6
AgS,0.85
KCeSe4,1.54
FePS,0.25
Ba6Sn6Se13,1.52
Ba2In2S5,2.47
CsTb9(Cd2Se9)2,1.95
Ba4Ga5AgS12,2.52
Hf4Co4Si7,0.0
TaF3,0.0
Ga1Sb0.85As0.15,1.1
LaRe2Ag,0.0
CaEu2O3,0.0
Ge0.3Pb0.7Se1,0.4
Lu2MgHg,0.0
Y2CuO4,0.0
Ta11(CuO6)5,2.58
NdCu3(RuO3)4,0.0
Tm(CoSi)2,0.0
UVC2,0.0
LiCa3As2H,1.4
HoMgZn2,0.0
Ag2PdO2,0.18
Sn0.25Pb0.75Se1,0.04
La(FeAs3)4,0.0
LiFe2(SiO4)2,0.0
GePbS3,2.4
NdFeSi2,0.0
RbSbSe2,1.62
In(PS2)2,2.42
K2In2P3Se10,2.2
DyAg,0.0
Cs0.4K0.6P1Se6,2.1
TmPd,0.0
YMoO4F,3.78
TbGa3,0.0
Te2Ru,0.25
Sn3Ir2Se3,0.43
Dy(InS2)3,1.22
Sc2MnC,0.0
Ce2Fe17,0.0
LiPm2Si,0.0
SrS,4.76
Sr2ZnReO6,0.0
Yb2ZnPb,0.0
BH(PbO2)2,3.76
Be2HgTe,0.0
HfB,0.0
SrIn2Ir,0.0
Sr3Ge(SbSe4)2,0.75
CsNa8(B7O12)3,4.67
Eu(MnGe)2,0.0
ThTeO,1.45
Sr(In4Rh)2,0.0
Cu18S11,0.0
Lu2FeS4,0.0
La3Ge3Br2,0.0
Ni4(PO4)3,0.0
ZrAlPt,0.0
Ag3AsO4,0.0
MnCu3,0.0
Ba4InAgSe6,2.41
U2Zn17,0.0
Cs2MgGe3Se8,2.04
Na2Ga2GeS6,3.29
ErLu3,0.0
NaSn2,0.0
LiMnCuO4,0.0
Li3MnAs2,0.0
Fe4H15(IO8)3,2.3
TmThRu2,0.0
Yb4Sb2S11.25,1.71
Bi0.002Te0.003Pb0.999Se0.999,0.79
Sn1Se0.99S0.01,0.89
DyBiPt,0.0
TiMn2Al,0.0
InAu3,0.0
YbSe,1.5
ZnCu2GeS4,2.1
WO3,2.7
Li2TiMn3O8,0.0
Na2Ge2Se5,2.38
CsScBr3,0.0
Sr3Eu(PO4)3,3.99
DyInCu2,0.0
Li3Mn(CuO3)2,0.0
CsNb6I11,0.0
Ge0.4Te1Pb0.6,0.51
Y2U3O11,0.0
In0.4Ga1.6Cu1S3.5,2.15
Rb2VAgS4,1.83
Zn0.99Hg0.01Te1,2.17
CsAgCl3,0.0
Ag2HgI4,2.47
Hf(CuP)2,0.0
Fe4O7F,0.0
SrLa3MnO8,0.0
La2Ni5B4,0.0
Rb2BaNb2Se11,1.53
CaI2,5.98
Mg2TcO4,0.0
La20Mo12Cl4O63,2.4
Sn0.15Pb0.85Se1,0.13
La3(OsO5)2,0.0
KPAu5S8,2.14
Ge0.1Pb0.9Se0.9S0.1,0.32
SmAs2Au,0.0
InAgSe2,1.04
Ba2ScIrO6,0.0
Na2Nb4Se4O19,3.56
Ga2PbS4,2.38
CuPS3,2.2
CePd5,0.0
Ba4Si3Se9Cl2,1.76
Ag7NO11,0.0
Cd(GaS2)2,3.4
Rb3Sb2Br9,2.48
Sm3OsO7,0.0
GdNiO3,0.0
TbP,0.0
Ca3Bi(PO4)3,4.2
Ga2GeTe3,0.84
K4C2O3,0.0
Ga2Te3,1.32
TlCr5Se7S,0.71
Ho3GaC,0.0
UAlNi4,0.0
KEuAsS4,1.89
HfInCu2,0.0
SnTe,0.3
Na3Sn2ClF6,3.88
Ag3SbS3,1.75
ScTa2NO5,2.67
ErAl9(Fe2Si3)2,0.0
KTiPO5,3.54
Zn3N2,0.0
Cd(PS2)2,3.76
CoP2,0.35
SmNiC2,0.0
HfTc,0.0
AgAsSe2,1.4
W3O7F,0.0
CeRh,0.0
Ge(Bi3O5)4,3.25
Na2TeS3,2.35
Ca6Ag16N,0.0
ZrSb,0.0
Pr2Se3,1.8
YZnBiO4,1.58
Nb3B2,0.0
SmAu3,0.0
InSb2S4Cl,1.8
Ba(ZnAs)2,0.23
Li3Bi,0.7
ErN,2.4
Al0.75Ga0.25As1,2.42
Ni3Pt,0.0
V2(OF)3,0.0
La4InSbSe9,1.76
Ba6Ag2.7Sn4.3S16,1.38
BaSn3,0.0
ScGe2,0.0
LiInSnS4,2.3
Ba3BSbS6,2.62
Al0.4Ga0.6P1,2.35
AsPRu,0.8
RbC8,0.0
BaGa2SnSe6,1.6
Ba2ZnSe3,2.75
K(CoSe)2,0.0
NaB15,0.32
Li3Co2(GeO4)3,0.0
MgIn3,0.0
Ce3AlC,0.0
POsSe,1.4
Ba2YReO6,0.0
YbMn2O5,0.0
Si0.0645Ge0.9355,1.04
Si2SbO6,0.0
LiHoAu2,0.0
Li2FeWO6,0.0
Ba2DyInSe5,2.27
SmNi2B2C,0.0
Ni3Ge,0.0
Ca5Au2,0.0
KMo6S7,0.0
Zn0.9Ga0.1P0.1S0.9,2.8
Ti5ZnO7,0.0
PrGaAu2,0.0
CdBiClO2,3.08
TiZn3,0.0
Nd3AlC,0.0
PrB4,0.0
TbSe2,0.0
ZrNiSn,0.0
ScZn3,0.0
Hg3As,0.0
Cd(In15Te23)2,1.17
Li8BiS6,0.0
Pr5In11Ni6,0.0
CaHg2,0.0
HoCdCu4,0.0
Ba3FeS4Br,1.65
CsGdO3,0.0
TeMoSe,0.0
Mn15Si26,0.7
BaTeMo2O9,3.12
PrIn,0.0
Zn0.42Ga0.58As0.58Se0.42,1.67
In1.3Cu0.7Se2.3,1.1
Sc5Pb3,0.0
Fe12As5,0.0
CsGe5BO12,4.89
SmCuSi,0.0
Tm2IrPd,0.0
KB5PbO9,3.1
Na19Zr11S30,0.0
Ba3Ho2(PS4)4,3.3
U2Al3C4,0.0
BeSe,4.0
Sn0.06Pb0.94Se1,0.14
Ti5Zn4(TeO6)3,0.0
Tb3ReO7,0.0
KCu4AsS4,1.9
Tb10B7C10,0.0
YbPmPt2,0.0
Si0.2Ge0.8,0.86
LiGaO2,5.6
CuI,2.8
CdPd,0.0
Be22Re,0.0
Ca(CoGe)2,0.0
Ga2HgS4,2.79
K6Ta2.93Nb1.07S22,1.88
Al2Ru,0.0
Li14Ti21O48,0.0
Ca2Ge,1.0
Al0.99Ga0.01P1,2.49
CrFeP,0.0
Ho(BiO3)2,0.0
Nb6VSb3O25,3.2
Ba4Yb(CuO3)3,0.0
U2MnN3,0.0
Ca(AlZn)2,0.0
Li2Ni3TeO8,0.0
Li2HgGeS4,2.46
CsCaBO3,3.93
Mg2Si,2.27
CrB2(PbO2)6,1.8
NaCdSb,0.0
Mg(As2Rh3)2,0.0
Tl2TeI6,1.47
Pm3I,0.0
SbTeRh,0.5
Sn(PO3)3,0.0
In0.8Ga0.2As0.2P0.8,1.4
FeAgTe2,0.28
In0.5Ga0.5P1,1.9
GaAgGe5Se12,2.14
Mn(SbO2)2,2.65
In2HgTe4,0.86
CrH9(CN2)3,0.0
Dy2C,0.0
Mg2CrN2,0.0
PrAs,1.0
Sm3Sc,0.0
ZrRh,0.0
DySn3,0.0
Y(CuSi)2,0.0
Pr2CdSn,0.0
Cd(GaSe2)2,2.1
Cd1Se0.65S0.35,1.93
CsMn4In5Te12,1.48
Hg8Bi3As4Cl13,2.43
Li2FeSnS4,1.86
PtS,0.38
Mn3(OF3)2,0.0
Ba6Ga2SnSe11,1.99
B4W,0.0
Y3GaS6,2.88
HoB4,0.0
ZnSb3,0.0
Sb5IO7,1.95
Tl(MoSe)3,0.0
RbCu2SbS3,1.67
RbB5(H2O3)4,0.0
Sn0.06Te1Pb0.94,0.28
PmMgCd2,0.0
EuN,1.25
Tm2MgRu,0.0
RbCuSnS3,1.44
CsZn2B3O7,5.69
USbSe,0.0
Tl5Te3,0.0
LaInS2O,2.73
WCl3,0.0
NaCl,8.4
NdMnSbO,0.0
BAs,1.45
CuP2,1.4
CsRb(PSe4)2,2.41
Cd0.8Hg0.2Se1,0.45
Al0.1Cd0.9Sb0.1Te0.9,1.36
Sm(InS2)3,1.18
Nb2O5,3.08
TmB2C,0.0
In5AgS8,1.76
EuF3,0.0
TlSbS2,1.42
NbPt2,0.0
BaLi4,0.0
Ba3NaIr2O9,0.0
CsH3(SeO3)2,4.77
V3Bi(PbO4)3,2.5
Sn0.2Te1Pb0.8,0.08
SrPbO3,1.78
KTa3CuO9,0.0
Zn2MoSeO7,4.2
Zn(FeN)2,0.0
TlCr5S8,1.01
LiGa(GeSe3)2,2.64
CdBr2,4.47
Li2CuF6,0.0
Tb2SbO2,0.0
MgTl,0.0
SnI2,2.4
Cd1Se0.01S0.99,2.4
CrFe2Sb,0.0
SbPbBrO2,2.67
Rb2Cd(PSe3)2,2.58
PW5O17,0.0
Na2CdSnS4,2.52
KP(HO2)2,6.95
V2GaSn2,0.0
LiEr2Ga,0.0
LiTi3O6,0.0
La1.86Tb1.14Ga1.67S7,2.67
Tb0.52Pr2.48Ga1.67S7,2.61
Nd(SiIr)2,0.0
RbU2SbS8,0.0
LiIn2Rh,0.0
LiPm2Ir,0.0
TaTl3S4,2.18
TlFeI3,0.0
Ce6B2(CBr)3,0.0
P2Se5,2.2
Bi2(PO4)3,0.0
SmSb,0.59
Re3F,0.0
TiCoGe,0.0
Na8PO3,0.0
K3Ta2AsSe11,1.45
SmHoHg2,0.0
CeSiOs,0.0
Cu2Hg2SF6,0.0
BaAu2,0.0
MgInPd2,0.0
RbHg3,0.0
SiGe,0.88
K2Gd2Ti3O10,3.3
Ce2GeSe5,1.7
Sb2Te,0.0
MnCu2Sn,0.0
Nb2Cr4Si5,0.0
Rb2Cd3(B4O7)4,4.76
CoCu2Sn,0.0
Cs5Bi(PSe3)4,1.85
Cs1.13Cd1.13Bi2.87Se6,1.0
BaPt5,0.0
Eu(BiTe2)2,0.44
Lu2Mn12P7,0.0
RbLiCO3,6.28
EuClO,0.0
K5In3P6Se19,2.2
LaCdAu,0.0
La2Ga0.33Sb1S5,1.76
CdAs2,0.89
RbBa2(PO3)5,7.6
ZnSnSb2,0.3
Cd3Te2MoO10,3.81
ScBe5,0.0
Pr2GeSe5,1.8
CeTaN2O,1.9
HgTe,0.15
Li4Ni3BiO8,0.0
SiSe2,1.72
Al0.2Ga0.8P1,2.3
Zn(Bi19O29)2,2.88
Pb3O4,2.12
Ag(AuS)2,0.0
In1Ag1.75Sb5.75Se11,0.94
La3(ReO5)2,0.0
LiSn4Ir,0.0
InSb,0.16
HfVSi,0.0
LiAlB14,1.82
Sn0.13Pb0.87Se1,0.02
TmBPd3,0.0
RbBiSe2,0.72
Yb5Au4,0.0
ErNiSn,0.0
SnO2,3.6
Dy4CdRh,0.0
LiPm2Al,0.0
ZrGe2,0.0
CaOsO3,0.0
NiP2,0.3
AsS,2.4
LaCd2,0.0
Ga4PbS7,3.08
BaLa2In2Se7,1.66
Pr2Au,0.0
Sm5Br11,0.0
ScSbRh2,0.0
Ba2GaSe4,1.63
Sr3Co2S2O5,0.0
CsAsSe2,1.86
TiAsRh,0.0
Dy3GaS6,2.81
LaSi2,0.19
ScRh,0.0
Nd4MgRu,0.0
Sr3Ti2O7,3.26
Ga2S3,2.8
VIn(NiO3)2,1.92
LaSi2Ru,0.0
Sm2Te3,0.7
LiSiPd2,0.0
Rh3Pb,0.0
Ge0.39Te1Pb0.61,0.56
Ga9Rh2,0.0
SrV13O18,0.0
Te4MoW3S4,0.0
Mn2OF3,0.0
TbTl,0.0
InAs,0.28
Lu2AlTc,0.0
AlN,5.9
Cd0.9Hg0.1Se1,0.35
InSb2Se4Br,1.35
LaNbN2O,1.7
RbAg2SbS4,2.3
SrB2,0.0
SmCuSe2,2.1
Ca(NdS2)2,2.7
Mg(FeS2)2,0.0
Sm3Te4,0.51
Ba4Sb3S8Cl,2.09
Fe2O2F3,0.0
NaSbSe2,1.2
Y2AlZn,0.0
Li2TlAg,0.0
KAg2SbS4,2.2
Ga2PbSe4,1.83
FeAsS,0.06
Al0.05Cd0.95Sb0.05Te0.95,1.37
CuN3,4.17
SbPt3,0.0
LuNiBC,0.0
Be3N2,3.8
CdSb2Se3Br2,1.4
Rb1.54Cd1.54Bi2.46S6,1.33
KBiSe2,0.61
VIr,0.0
Cs2ZnGe3Se8,2.31
Sb2S3,1.63
NaHg,0.0
HfSi,0.0
Th(FeSi)2,0.0
PbSe,0.14
Ca11Ga7,0.0
Zn0.2Ga0.8Sb0.8Te0.2,1.15
SrGe2,0.9
HoZnRh,0.0
CsAg2TeS6,2.04
BiAs2Os,0.0
Cs2La1.19Bi8.81S16,1.0
Cr2GeC,0.0
Ba3PN,0.0
Ag2P2PbO7,0.0
U3Ni3Sn4,0.0
Cd3Sb2,0.3
UAl3,0.0
YbCuGe,0.0
ErTlPd,0.0
AgP15,1.47
Pr27Se40,0.0
BaTi4O7,0.0
AlVCo2,0.0
Nd2BC,0.0
Ca3La2(SnS4)3,1.45
Li3V12O29,0.0
Ba2LaIrO6,0.0
Gd1.47Mn2.04In0.49S5,1.75
Ba3BSbSe6,1.89
GeI2,1.5
EuPd,0.0
La2B4Rh5,0.0
BMo,0.0
Na2Te,2.3
Ga1.5Cu0.5Se2.5,1.76
AsPPd,0.45
Na2Sn2Hg3S8,2.45
Li4V5Cu3O16,0.0
AgGeO3,0.0
Ba4Ge3S9Cl2,2.91
Cu10Sb3,0.0
YCd4B3O10,3.78
LuScRu2,0.0
K2Cd3Te4,2.26
Ga2Se3,1.86
Cr2NiS4,0.0
Li3FeNi3O8,0.0
Cd4Sb3,1.25
ZnSn3,0.0
NaH3(SeO3)2,4.9
TaAs,0.0
Ag9(PbO3)4,0.0
Ce2Ti2O7,0.0
AlCu7O12,0.0
Ho(NiB)2,0.0
Pb2O3,1.67
Ba23Ga8(SbS19)2,2.84
YbAg2,0.0
Cs4Ge5(PbS4)4,1.95
U2Ti,0.0
Rb3Ta2AsS11,2.21
PtS2,0.75
AgAsS2,2.14
Ga0.04Te1Pb0.96,0.37
CdPt,0.0
Yb3Tc,0.0
Zn8Ag5,0.0
Li3Cu4NiO8,0.0
Bi2O5,0.0
DyZrRu2,0.0
InHgW2,0.0
Ti(Bi3O5)4,3.09
SmPbAu,0.0
DyNiGe2,0.0
NdMg2Ni9,0.0
BaLa2In2S7,1.87
Tb4Al2O9,4.59
VBi24O41,3.25
LiTi11O20,0.0
GaTc,1.42
Zr6Sb2Pt,0.0
Zn0.75Hg0.25Se1,1.4
CoH2(SN)4,0.0
Ge0.06Te0.06Pb0.94Se0.94,0.28
Zn(CoO2)2,0.0
TaTiFe2,0.0
SiP,2.0
FeCoAs,0.0
Rb5Li6(BO2)11,6.53
Zn0.8Hg0.2Te1,1.4
Er2Fe14B,0.0
In1Sb0.3As0.7,0.11
Ga1.5Cu0.5S2.5,2.43
NbSnIr,0.28
TbCl,0.0
K2AgSnSe4,1.8
PRuS,1.4
KInS2,3.0
Bi0.04Te0.06Pb0.98Se0.98,0.28
Sr2GaCo2O7,0.0
CdAg2GeS4,2.32
Dy4GaSbS9,2.58
Na2Cd(GeS3)2,2.57
Hf5Pb,0.0
UGa2,0.0
Li8TiNi7O16,0.0
Al0.01In0.99P1,1.3
RbGeB3O7,5.58
Ba4Si20Au3,0.0
Ca2NiIrO6,0.0
Cd3AgPS6,2.56
Cr10Sb3Te7,0.0
In(MoSe)3,0.0
Yb14Ti10O41,0.0
K2Ge2PbS6,2.85
Ca(BiO2)2,3.08
P2Pd3S8,2.12
Dy2CuOs,0.0
BePd2,0.0
CsTiCl3,0.0
Dy2MgIn,0.0
Ba2SmInSe5,2.22
Cs5P5Se12,2.17
Mg3(B25C4)2,2.7
La3NiBr3,0.0
Ta3B4,0.0
Sc6NiTe2,0.0
Pt3Pb,0.0
Ce8U2O21,0.0
Yb3Sn13Rh4,0.0
YbSn2Pd,0.0
Li2HgGe,0.93
BaDy2CuO5,0.0
LaHg,0.0
UO,1.5
AgBi(PSe3)2,1.4
Eu(InS2)2,1.5
Ba2YInSe5,2.31
SiAs2,0.88
Ba3CaRu2O9,0.0
Tl2Cu2SnS4,1.4
Sr(LaS2)2,2.85
Zn0.7Ga0.3As0.3Se0.7,1.93
Nd4O3F7,0.0
LiMnCoO4,0.0
Rb5(W4O15)2,0.0
CuPd,0.0
Ga1.2Cu0.8Se2.2,1.58
FeBi(SeO3)3,2.54
ErB2Ir3,0.0
LiCa2Ga,0.0
PdSe,0.2
Ni(PO3)4,0.0
TbCo2,0.0
CsInS2,3.4
YbNd2CuS5,1.35
ZnB12(H5O12)2,4.6
ZnCu3P3O13,0.0
Cd0.1Ga0.9Sb0.9Te0.1,0.78
KAg2,0.0
Rb2TeBr6,2.14
LiTm2Rh,0.0
La2Ge2Se7,1.08
CuPtO2,0.0
GeAs,1.01
Cu4H10SO12,0.0
Tl3Pb,0.0
PbS,0.28
Er(CuTe)3,0.24
ScZn2,0.0
Lu2Fe2Si2C,0.0
Li6FeO6,0.0
Sn0.08Te0.08Pb0.92Se0.92,0.22
CeO2,3.41
Ba(SnO2)4,0.0
Tb2AlCo2,0.0
SmCuSeO,2.6
Cs2VAgS4,1.77
Al7(CN)3,0.0
Ba2BiSbO6,0.0
Al0.15Ga0.85As1,1.6
GdB(SbO4)2,3.48
B3H2Pb2O7.5,4.42
FeSn,0.0
LiB3O5,7.75
Cs3Bi2I9,1.8
ZnCrO2,0.0
TbYHg2,0.0
LaGeI,0.0
K4Ag9(SbS3)4,2.0
LiCoS2,0.0
Hg3Bi2(TeCl4)2,2.8
Ba2NaCu3S5,0.45
Zn0.95Ga0.05P0.05S0.95,2.7
Te0.05Pb1Se0.95,0.26
Mg2GeB2Rh5,0.0
SbOsSe,0.4
K(FeAs)2,0.0
Dy2AlCo2,0.0
GaBi,0.1
LiSiRh2,0.0
Cs4Ga4Si19,1.14
AgBiSe2,0.34
HfFe2,0.0
Li8PO3,0.0
Rh0.67Se2,0.7
Ce4FeSe6O,0.0
GaFeNi2,0.0
GdO2,0.0
CsI,6.3
TlAgTe2,0.1
K2Th(CuS2)2,2.17
Na11Ti20O40,0.0
Ag0.5Ge1Pb1.75Se4,1.51
Ni3S4,0.0
Sm2Se3,2.3
Ga1.01Sb0.99Se0.03,0.62
RuSe2,1.0
Sm1.82Lu2.18Se6,1.51
TlZn2Tc,0.0
Eu7(Ga3Sb4)2,0.6
Bi0.6Sb1.4Te3,0.2
InFe2CuSe4,0.0
AlIr,0.0
PmSbRh2,0.0
PmHgAu2,0.0
Cd3As2,0.11
K2Sb8Se3,1.31
KCd4Ga5Se12,2.16
Al0.99Cd0.01Sb0.99Te0.01,2.21
CeAsPd,0.0
NdTe,0.0
KAgF3,0.0
Ca(BC)2,0.0
LiInSe2,2.83
NaSm(PS3)2,2.54
InAgO2,4.2
Li2V2F7,0.0
Sr2ScSbO6,3.57
Ho2B4C,0.0
CdS,2.39
PH2NO2,0.0
Bi2Te2.97Se0.03,0.15
Gd1.87Lu2.13Se6,1.56
Rb2NbCuSe4,2.19
BaEu2Mn2O7,0.0
Ge0.01Te0.99Pb0.99S0.01,0.32
CsGeI3,1.6
Zn0.5Cd0.5Se1,2.9
Sr3Li4La5O12,0.0
Zr(Fe2Si)2,0.0
SnAs3,0.0
Ge0.05Te1Pb0.95,0.34
Tm2In,0.0
PrGeAu,0.0
CuSbS2,1.38
UAl4,0.0
Ga1As0.7P0.3,1.8
Ho(BC)2,0.0
SrNi2(PO4)2,0.0
Tb11S16,0.0
Bi2(MoO4)3,2.9
Zr7P4,0.0
In4As5(BrO4)3,4.22
Ir0.67S2,2.0
CdAg,0.0
Ca2Mn9O13,0.0
UAu2,0.0
Li6Mn5CoO12,0.0
Sn5(BRh3)2,0.0
Li2ZnSnSe4,1.87
KTeP2,1.4
Al0.6Ga0.4P1,2.4
Li3FeTe4O11,1.98
NaLu(Pd3O4)2,0.0
K4(ZrSe5)3,1.81
YSiNi,0.0
Sc5NCl8,0.0
TiFeH2,0.0
Cr2O3,3.4
YBi,0.0
Pb1Se0.99S0.01,0.26
CsCeHgSe3,1.94
DyCoSi2,0.0
Cd0.05In0.95Te0.05As0.95,0.68
AgSO4,0.18
Li0.33Ag1Sn0.67O2,2.7
Li2Ga(GeSe3)2,2.64
K2Cd(PSe3)2,2.58
Sm(CuS)3,1.82
Ba2GaBiTe5,1.43
BiIO,1.89
Li9Ga13(Te7O22)3,4.45
Ca2GeN2,0.0
B6As,1.51
Si0.1Ge0.9,0.8
TcB,0.0
KGaSe2,2.6
Zr2CuS4,0.0
LaMg(FeO3)2,0.0
Sb2Te3,0.19
LiB3,2.0
Be12Pt,0.0
BP,4.2
Yb(SiAg)2,0.0
Ho5(Ge5Rh2)2,0.0
SmCdHg2,0.0
DyYAg2,0.0
BaAg2,0.0
SrAl,0.0
KFeCuTe2,1.06
Li5Co2Ni3O10,0.0
Li2NdAs2,0.0
Tm4In(NiGe2)2,0.0
Eu(ZnSi)2,0.0
Cu2Te,1.02
Mn3Cr3(TeO8)2,0.0
KCuSnSe3,1.04
Ce1Mn0.5Se1O1,2.01
P2Ru,0.8
LiLa2IrO6,0.0
YbSm2CuS5,1.28
LaTaN2O,2.0
U4S3,0.0
YbPO4,0.0
Tb2(MoO4)3,1.41
ZrPd3,0.0
Ba2InSbSe5,1.92
Co7Re17O48,0.0
SmCuSO,2.9
NaFe2O3,0.0
LiHf2Ir,0.0
HoC2,0.0
Na3MoClO4,4.69
Ba2Cu5F14,0.0
YB66,0.8
Ba3Dy2(PS4)4,3.28
Rb2Sn3(SbS5)2,2.33
Ca(AgGe)2,0.0
TaNiB2,0.0
Zr4Co4Ge7,0.0
CuP2(HO3)2,0.0
BaYb2O4,0.0
V2ZnO4,0.0
K2Mo2Se2O11,3.3
Cu2WSe4,1.65
CaO,6.93
ZnSb2MoO7,3.3
LiMn4O8,0.0
Cs2Cd3(B4O7)4,4.76
NiO,4.0
Rh7(PbO5)3,0.0
As2S5,2.48
CuBiSO,1.07
Ba14Na8CaN6,0.0
Y2Ru2O7,0.0
K2RbSb,1.2
Ga5Ge(PbSe3)4,1.91
Sr2Co2O5,0.0
Cs6.4Na1.6Ga8Ge38,0.22
Rb2Mo9Se10,0.0
Hf5Sn4,0.0
Tb2GeS5,2.1
SbRuSe,0.9
NdTiGe,0.0
CsAgSb4S7,2.04
Pd3(PbS)2,0.0
BaAl4Se7,3.4
K10Co4Sn4S17,1.31
LiNbO3,3.9
TiOs3,0.0
CdTeO3,3.55
Eu(Ni2B)6,0.0
Nb40N21O16,0.0
BeS,4.17
LiMo3O8,0.0
GeO2,5.54
Ge3Ru2,0.34
Zr3O,0.2
BaO,4.8
Ba8Al10B12O41,3.1
VAg2I3O11,2.16
DySiIr,0.0
CaGaGe,0.0
H6Pt(I3O10)2,2.12
NdIn3,0.0
Cs3Sb2I9,1.89
In1Sb0.9As0.1,0.27
Li3Cr(NiO2)4,0.0
Nd(CoSi)2,0.0
TiFe2Sb,0.0
Ba2GdGaSe5,1.87
Ti2BRh6,0.0
GaTc2W,0.0
Ba3Bi2TeO9,2.3
Eu(NiAs)2,0.0
Cd2InAgTe3,0.47
RhSe2,0.6
Li2Ti3FeO8,0.0
CrBi2I2O11,2.4
LiTmSn,0.0
CsGa7,0.0
Dy1Te1.7,0.35
FeP,0.0
ZnTe,2.1
ZrSe,0.0
Sr2Be2B2O7,8.0
NbSi2,0.0
Y4CuTe8,0.0
MnFeAs,0.0
CsGa(SnSe3)2,1.87
Na3In2Au,0.0
RbCl,8.1
Nd3Ge5,0.0
UGeRh,0.0
ThRu3C,0.0
Gd(InS2)3,1.13
Ga0.01Te1Pb0.99,0.42
NdF3,6.15
Si0.12Ge0.88,0.84
CrNiAs,0.0
BiO,0.0
In1Sb0.6As0.4,0.13
TmCuSi,0.0
Zn3(InS3)2,2.8
Bi4Pb7Se13,0.29
Sr(YbS2)2,0.0
KSb(SO4)2,4.64
SrTh(PS4)2,3.02
Nd2Ru2O7,0.0
HfAlPd2,0.0
Sr5V3O12F,4.5
Cd0.2Ga0.8Sb0.8Te0.2,0.8
Li3Mn4(PO4)6,0.0
Li7Ti16O32,0.0
TiCr3(PO4)6,0.0
Cs2TeI6,1.5
Yb3Ti3O14,0.0
K2Hg(PSe3)2,2.25
Zn0.1Ga0.9Sb0.9Te0.1,1.0
Ga1As0.01P0.99,2.23
YCoO3,0.0
Ba3Ag2(SnS4)2,2.37
YCu3(WO3)4,0.0
Cs2Sn(PSe3)2,2.06
Cd0.5Hg0.5Se1,0.8
AlB2,0.0
DyPO4,6.38
Li3PS4,3.68
BSb,2.6
Tb(FeP3)4,0.0
FeCuS2,0.43
Y3Si3Pd2,0.0
BPb2ClO3,3.99
Mo5As4,0.0
LiGaTe2,2.31
U3Nb,0.0
RbCd4Ga5S12,3.02
AsSI,2.05
ThSi,0.0
NaFe2(SiO3)4,0.0
Ge0.2Te1Pb0.8,0.4
Ba5Ge3,0.0
Fe9Co7,0.0
RbPPbO4,4.35
Bi0.2Te0.3Pb0.9Se0.9,0.25
In5CuS8,1.34
Li2Sn5,0.0
Li(CuO)3,0.0
CaTi4O8,0.0
P2H12N7Cl,0.0
B5Mo2,0.0
PrMgAg2,0.0
U5Ge3,0.0
ZnSb,1.05
Mg17Al11Pd,0.0
KCuSnS3,1.47
Gd(SiRu)2,0.0
Tm2MgTl,0.0
Ca3Sn2S7,0.0
Tl0.01Te1Pb0.99,0.59
Ti3PO7,0.0
KBiO3,0.0
Cd0.7Hg0.3Se1,0.55
Ga1.95Cu0.05Se2.95,1.96
EuZn,0.0
In2Pt,0.0
UCo4Sn,0.0
CsTa3(SeO6)2,3.88
YMoClO4,3.82
FeP4,0.32
RbCuPdF5,0.0
NaBi3,0.0
BaPrO3,2.0
Zn0.05Ga0.95Sb0.95Te0.05,0.85
Fe3Si,0.0
Ta4FeTe4,0.0
PbN6,2.98
KGaSnSe4,1.73
BaS,3.88
NaCuO,0.0
Rb2Ti(CuS2)2,2.19
Si0.162Ge0.838,1.32
ErMg2,0.0
Al4Cu9,0.0
Sn1Se0.01S0.99,1.08
NbHg3F6,0.0
KRbBi8Se13,0.64
CsInSnS4,2.9
YSn3,0.0
BaGe3Pt,0.0
Rb28(Mg3In17)3,0.0
MnAlAu2,0.0
Cd2InCuTe4,0.85
TmBRh3,0.0
TlAsS2,2.15
NdErZn2,0.0
In2Cu1S3.5,1.43
K2Bi8Se13,0.47
La5Cu6.33S7O4,2.0
Rb3Sb,1.0
ScCuO2,3.3
U2SnRh2,0.0
Zn3Cu10(TeO6)6,0.0
CsInI3,0.0
K3LiNb6O15,0.0
TlBr,2.63
Sb3IO4,2.61
CsMn4In5Se12,1.79
Sr3(AlSn)2,0.0
AgBiS2,0.9
ThCrB4,0.0
YbSb4Te7,0.22
RbMoPO6,2.96
MnO,3.6
BaMnO3,0.0
TlGaS2,3.4
CaHfZn,0.0
Y2S3,2.9
TbInAg2,0.0
Ca5(Bi7O13)2,2.6
PbBr2,3.2
MgGeN2,4.2
Y(NiP)2,0.0
B4H2Pb6O13,3.24
In4S5,0.9
EuSnO3,0.0
Y3GaCo3,0.0
Ho2Au,0.0
EuS,1.65
Dy2(GePt3)3,0.0
Ce(PPt2)2,0.0
Eu(AlAu)2,0.0
Li4.5Al0.5Te1O6,4.9
NdZn2Ag,0.0
NdTlPd,0.0
Cu2Sb,0.0
Bi1.6Sb0.4Te3,0.16
LaReB,0.0
LaYbZn2,0.0
Zn0.43Cd0.57Se1,2.8
KLi(WO3)3,0.0
Ba5Ga6GeP12,1.39
PrSb,0.66
Nb3(Fe10B3)2,0.0
KAg2AsS3,2.25
Ge5(Te4As)2,0.0
Cd0.5In2.25Ag0.25Te4,0.39
CeAl3Ni2,0.0
SmTe,0.22
Sc6FeSb2,0.0
NaAsO3,0.0
CsInGeS4,2.1
KSb5S8,1.67
Li2ZnGeSe4,1.86
U11O5,0.0
YbS,0.98
TcS2,1.0
BaCuTeF,2.3
KIO3,3.71
La4Cd4In2S13,2.27
HgBr,2.6
Li0.5Ge1Pb1.75S4,1.95
Mg3Tl,0.0
Cs2Zn3(SeO3)4,4.3
Si0.7Ge0.3,1.0
K2La2Ti3O10,3.05
Rb3Mn,0.0
Ba5Cd(Ga2Se5)3,2.6
KSm2CuS4,2.17
SmB(SbO4)2,3.54
RbMnTe2,0.0
Ta2Tl4S11,1.26
Mg2Ga,0.0
Ca3SbN,0.0
RePO5,0.0
Na2In,0.0
TmU2S3O2,0.0
Gd3Al7Ag2,0.0
Ho3Pd2,0.0
Pr2Ge2Se7,1.32
Rb2SCl6F,0.0
ScTiO3,0.0
TaTlS3,0.78
CrCoPt2,0.0
AgCNO,0.0
KAg2PS4,3.02
HfS3,2.8
Lu2TlCd,0.0
BaAgSbS3,2.2
PrSbPt,0.0
Cd0.35Hg0.65Te1,0.28
ZrSi2,0.0
Ti2AlV,0.0
NaBiSe2,0.28
Sr2GeN2,0.0
KCl,8.5
NaF,10.5
K2VCuS4,1.82
Ce3In3Ru2,0.0
SnB,0.0
Ti9O10,0.0
Li3ScN2,2.9
Cd0.2Hg0.8Se1,0.95
YCdHg2,0.0
Ga2SnGeS6,2.04
NiAgO2,0.0
LuP,1.3
BaZnSO,3.9
RbF,10.4
ErPbAu,0.0
RbAg2TeS6,2.04
Er3Te4,0.9
Al5Rh2,0.0
La2V2IO9,3.63
Tl16O15F17,0.0
Ca3Ti2(SiO4)3,1.65
LaZnAsO,1.5
U(Al2Fe)4,0.0
La3CuGeSe7,2.0
Ti9O8,0.0
Mn(SbSe2)2,0.31
Si(Bi3O5)4,3.2
Cs1.43Cd1.43Bi2.57S6,1.28
K2Sm2Ti3O10,3.26
Nd3In,0.0
As2O3,4.0
LiSiB6,2.27
Na4Mg(SiSe3)2,2.85
Eu(GaSe2)2,2.16
Na2S,2.4
TaCu3S4,3.0
Ta2MoOs,0.0
CrIrO4,0.0
Rb9Bi13S24,1.3
Cd0.01Hg0.99Se1,1.72
ZrGaPt,0.0
Eu(AsPd)2,0.0
Ag8SnSe6,0.71
Dy1Te1.4,0.6
Yb(AlSi)2,0.0
YbTlSe2,0.0
Ce2(SnSe3)3,0.3
KTbSe4,1.65
Ba2SmGaTe5,1.04
K2Cd2Te3,1.93
CdCu2GeSe4,1.2
Rb3Al3Ge7Se20,2.4
LaCu6,0.0
La2Zn(SeO)2,3.4
Cs2MgSn3Se8,1.92
Li3Mn3NiO8,0.0
Ho(SiOs)2,0.0
NdAgPb,0.0
Ce(SiNi)2,0.0
NdCuSO,2.98
Cu3SbSe4,0.31
Tl2GeTe3,0.36
Ba(InSe2)2,2.63
CaZn5,0.0
Sr(NdS2)2,2.45
RhSe3,0.7
Ba3Yb4O9,0.0
Ho(SiRu)2,0.0
In0.5Ga0.5As0.5P0.5,1.55
HfZnNi2,0.0
Tl2O3,2.25
Bi2Te2SO10,3.6
Mn5As4,0.0
Li2Fe2(PO4)3,0.0
In0.9Ga0.1As0.1P0.9,1.32
Eu3(InP2)2,0.45
Cd0.03In0.97Te0.03As0.97,0.71
CrCo2Bi,0.0
Y(Re2Si)2,0.0
LiZnN,1.91
RbBi3Se5,0.43
Mg2SiPt,0.0
Sn0.2Te0.2Pb0.8Se0.8,0.14
TiHgO3,0.0
PtN,0.0
In3Au10,0.0
LiSbSe2,0.68
CsYbCoSe3,0.95
TeAs,0.74
Ba3V2(SeO4)4,2.87
Ho(CuTe)3,0.26
LuUO3,0.0
Al2Se3,3.1
LiF,11.7
Ta22(CuS12)3,0.0
Rb2TeI6,1.4
CeZnPO,0.0
BiBPbO4,3.2
RbPdF3,0.0
NdO2,0.0
TbGa,0.0
Tl9SbSe6,0.0
Gd2(Zn2Ge)3,0.0
In2Co,0.0
Eu2Ga2GeS7,2.3
TbInIr,0.0
Ga0.9Hg0.1Sb0.9Te0.1,0.65
MgInAg2,0.0
Ge0.01Pb0.99Se1,0.27
Sb4Pb4S11,0.0
SrCrO4,2.45
Sm3B(SO)3,2.5
YbPr11Se16,0.0
UGaNi,0.0
Cs4Cu3Bi9S17,0.6
K2Ti(CuS2)2,2.04
GaS,2.38
MgZn2,0.0
Cs4Zr3S14,2.35
MnGaNi2,0.0
CsCu2AsS3,2.3
KSb,0.9
Nd(NiSn)2,0.0
Zn4.5Ga1Sn0.5O7,3.0
Ba5Al2Ge7,0.0
K3Ga3Ge7Se20,2.23
ReSn3,0.0
PrP,0.0
NiN,0.0
Li4MgNi3O8,0.0
Rb15Hg16,0.0
Ce2Co5B2,0.0
La2Ga2GeS8,2.78
Zn0.99Hg0.01Se1,2.6
Ca(LaS2)2,2.7
PrTl2InSe4,0.93
Rb2Te,4.5
Ag(W3Br7)2,0.0
Sn0.08Pb0.92Se1,0.06
CsGaS3,3.0
CrTe2,0.17
Eu(ZnGe)2,0.0
Fe3N,0.0
GaAgTe2,1.1
TiBr2,0.0
Sc2O3,6.0
Ag2GeS3,1.98
LiY2Ru,0.0
RbNb4Br11,0.46
RbSbTe2,0.38
NdErTl2,0.0
Sn0.17Pb0.83Se1,0.04
EuPPt,0.0
Sm(CuTe)3,0.23
PrSmO2,0.0
SmSi3Pt5,0.0
MnCoSi,0.0
Y(CuTe)3,0.72
Ag2GeTe3,0.07
KAgAsS2,2.21
K2Mn3S4,0.0
Eu(FeSi)2,0.0
Ta6Be15Cu8,0.0
Eu2(Ga3Rh)3,0.0
BiP3(PbO4)3,3.7
TbZrSb,0.0
La2VCoO6,0.41
Cs3Nb2AsSe11,1.35
Na2Ti2Sb2O,0.0
SrPb3Br8,3.2
CeTl3,0.0
YMgAl,0.0
Nd2O3,4.4
CsSb,0.61
In0.4Ga0.6As1,0.81
Hg3PS4,2.03
Cu2H3ClO3,0.0
Lu2InHg,0.0
Li8IrO6,0.0
InBi2Se4Br,1.21
Li2Ni5(PO4)4,0.0
Li5Mn5(SbO6)2,0.0
PrGe5,0.0
Ba8Ta7O24,0.0
Zr2(Co7B2)3,0.0
BiBrO,2.92
Yb2O3,5.22
SmSb2,0.0
W2C,0.0
Ga1.1Sb0.9Se0.3,0.67
TiFe2Si,0.4
Pr3Cd,0.0
LaTb3,0.0
K2VAgS4,1.85
FeCo2Si,0.0
Rb4Ag9(SbS3)4,2.0
Na2Gd(PO4)2,4.19
CsSn3,0.0
LiPr2Ru,0.0
Tm(NiGe)2,0.0
Ba3YIr2O9,0.0
CsYHgSe3,2.54
Nb5Ge3,0.0
Rb2CrF6,0.0
MgScAg2,0.0
Sm(CuO2)2,0.0
AgPdO2,0.0
CeB2Ir3,0.0
Si3N4,5.1
PmMgAu2,0.0
AgBiPbS3,1.2
ScSnPd,0.0
Ce3MnAlS7,0.0
K2Sn(AuS2)2,2.75
DyS2,0.0
MnBe2Co,0.0
Co5RuO8,0.0
GeS,1.58
PHPbO3,3.97
U2AlCo2,0.0
NaNi2O3,0.0
MnFeCoGe,0.0
CsCdInSe3,2.4
Zn3.5Ga1Sn0.5O6,2.99
SnBr2,3.4
V3Pb2Se5O18,3.14
Zr1.33Ta0.67N1.63O1.89,2.48
Li2MnCo3O8,0.0
LaCuTeO,2.31
Na0.75Eu1.625Ge1Se4,2.0
TiAl,0.0
VTc,0.0
Cd0.5In2.2Ag0.4Te4,0.19
ThHg2,0.0
AlBi,0.4
Tl3Ir,0.0
LuAl2Pd5,0.0
LiSb3PbS6,1.6
Zn0.85Ga0.15P0.15S0.85,2.4
LaGa3Pd2,0.0
Cs2Cu2Sb2S5,1.6
HfHg4(PCl3)2,3.26
SmCuO3,0.0
PtSe2,0.1
RbTiBr3,0.0
Al0.8Ga0.2P1,2.43
Ca3(GaPt)2,0.0
BaZn(MoO2)4,0.0
Si2NiP3,0.0
SmBPd3,0.0
Bi7O5F11,4.05
Sc(VGa2)2,0.0
ErB2Ru3,0.0
ReO3,2.3
In0.5Ga0.5As1,0.75
LaH2NO5,4.76
La2Nb2N2O5,0.0
Sm2Mn3(SbS3)4,1.5
LiCo7O7F,0.0
EuGe3Pt,0.0
AsI3,2.29
B2Mo(PbO2)6,2.9
SmCoC2,0.0
CsTaPSe6,2.29
Al13Ru4,0.0
RbBiS2,1.2
Tm3(GePd)4,0.0
Ta2TlO6,0.0
BiTeNO6,3.62
VIr3,0.0
NdCuTeO,2.26
Na2Zn(GeSe3)2,2.36
AgTe,0.73
Hf3(NiGe)4,0.0
BPb7Br3O7,2.62
Cs2Ga2Se5,1.95
CsSbSe2,1.7
NbHO3,0.0
Nb2(CoO3)3,0.0
K2Al2B2O7,6.89
K4Nb2S11,1.96
Pr3I,0.0
BeTe,2.89
Tm(FeSi)2,0.0
Zr2Co12P7,0.0
Sr5Bi3,0.0
Cu2Te3O8,2.64
CeMgNi4,0.0
Ba2LiFe2N3,0.0
K6Yb3(PS4)5,2.6
CePrO2,0.0
Bi2CO5,3.42
IrSe2,0.9
U(BH4)4,0.0
ScTlS2,1.51
Tl0.005Te1Pb0.995,0.48
NaBr,7.03
Cs2Th(PS3)3,2.8
NdMoO4F,3.66
NaCeS3,2.15
KInSnS4,2.3
GdCd2,0.0
TlInSe2,1.07
CaNi5,0.0
VP,0.0
Nd(CrSi)2,0.0
Ba2Ce2O5,0.0
V4ZnO8,0.0
LiTiSiO4,0.0
Eu(HoSe2)2,1.8
Ba3Sn(SbSe4)2,0.97
Na9(WO3)16,0.0
Ba(AsRh)2,0.0
Zn2WN2,0.0
CdF2,6.0
TmAs,1.18
V3Re,0.0
RbYbZnSe3,2.07
Cu3Bi6S10I,0.72
Ta6Ni16Ge7,0.0
K2BaNb2S11,1.77
In9AgTe14,1.5
Co3W,0.0
GdB6,3.6
KInSe2,2.68
Ti2CoS4,0.0
CeMgZn2,0.0
ZnSiAs2,2.12
KAgO,0.0
Te2Os,0.3
Na2V6O13,0.0
Rb1.45Sb7.45Pb3.1Se15,0.45
Li2PmAl,0.0
Eu(MgBi)2,0.0
Zr3Ag,0.0
Nd2ZrS5,1.83
CI4,2.26
BaNa2SnSe4,2.46
Mn2AlO4,0.0
Ce(SiPd)2,0.0
BaHgSe2,1.56
Tm(CuS)2,0.0
Na3Zn(BO2)5,3.2
In0.01Te1Pb0.99,0.53
Tm2Ru2O7,0.0
AlAgSe2,2.55
Lu(InS2)3,1.27
Yb2MgS4,0.0
ErRu3,0.0
TmAu,0.0
Li4Fe2Cu3O10,0.0
SmC10,0.0
YCo2,0.0
ZnSiP2,2.07
Li2EuSn,0.0
Yb8Ge3Sb5,0.0
Er2(MoO4)3,0.96
BaCuSbSe3,1.6
Li6Tb2O7,0.0
ZrSe2,2.0
Dy(GeRu)2,0.0
CuSbPbS3,1.31
Eu(CdSb)2,0.0
Na2Ga2SnS6,2.2
CsLiCO3,6.19
La4Fe(SbS5)2,1.0
Y6Zn(SiS7)2,2.38
AgSbTe2,0.35
Ca2Si,1.9
SmErMg2,0.0
FeRhO3,0.0
SnI4,2.38
Ce3SiPt5,0.0
Ba(FeS2)2,0.0
UFeSi,0.0
Ba3Bi0.5B1.5S6,2.43
GaCuO2,1.47
Eu1.83Ta15O32,0.23
Ti2TcPd,0.0
Dy2Ni12P7,0.0
MnF2,9.9
BaSn2S5,2.35
CuBiSeO,0.82
In5AgTe8,0.47
CsYZnSe3,2.29
Li3Mn2CuO6,0.0
K11Mn4O16,0.0
Nd4Ge3Rh4,0.0
Y(FeSi)2,0.0
HoMg2,0.0
FeAsSe,0.6
BaTl3,0.0
Rb3Bi2I9,1.89
Yb(GaS2)2,2.3
TiO2,3.3
In2S3,2.0
Zn0.86Hg0.14Te1,1.66
Si0.001Ge0.999,0.65
K2FeGe3Se8,1.95
U2Cl5O2,0.0
TiPO4,0.0
Tm2ZnAg,0.0
Zn2BIr2,0.0
Yb(SbS2)2,1.12
Er2Mg3Ru,0.0
Cd3P2,0.5
In1.1Cu0.9Se2.1,1.06
Li4Co5SbO12,0.0
Mg3As2,2.2
NdMg2,0.0
NdTlAg2,0.0
Ge40Te5.3I8,0.8
Sc4Ge6Rh7,0.0
MgSe,5.6
Zn0.5Ga0.5As0.5Se0.5,1.52
ThAl3,0.0
Ca3BiAs,0.0
Si15(TeP2)4,1.24
UP2S9,1.41
Ca5B3O9F,6.53
TlAgSe2,0.72
B2Se2O7,4.64
HfNi5,0.0
DyN,2.1
Ba4InCuSe6,2.23
Dy5Pb3,0.0
Sb6Pb6Se17,0.8
Li3Co(NiO2)4,0.0
TmMnGe,0.0
Cd0.02In0.98Te0.02As0.98,0.73
RbVP2S7,0.0
SbSeBr,1.84
Sn3As2,0.47
NdGaO3,0.0
HgTeBr,2.06
TbSb2,0.0
Tb3FeB7,0.0
Li2LaTl,0.0
LaIn,0.0
CaAu5,0.0
Sc2FeB2Ir5,0.0
CdO,2.3
Li3C,0.0
Ti2ReRh,0.0
Eu(InSe2)2,1.31
SnSb3(PO4)4,0.0
SrN2,0.0
Ge0.41Te1Pb0.59,0.49
PrO,0.55
Na2Zn(GeS3)2,3.04
VSb,0.0
SrO,5.7
HfS2,2.9
MgTe,3.6
AsBr3,2.6
Ce2SiSeO4,0.0
Tm2AlOs,0.0
Eu(BiSe2)2,1.02
KThCuS3,2.95
CaZnSO,3.7
LiMn(PO4)2,0.0
Y(SiPt)2,0.0
Ta2N,0.0
CdCu2GeS4,2.05
Li4Mn5Cu3O16,0.0
Tm5Ti5O17,0.0
NdInAu,0.0
Ni3SnN,0.0
EuNiGe3,0.0
RbV(CuS2)2,1.45
Er6MnBi2,0.0
H7Se2NO6,4.81
Ho3Ge5,0.0
Fe6W6C,0.0
TlTe,0.0
Zn0.99Ga0.01P0.01Se0.99,2.6
Ti4ZnO8,0.0
Tb3Ni13B2,0.0
NaEuO2,0.0
EuIn2(GeIr)4,0.26
RbTmO3,0.0
Li2Ni2SbO6,0.0
Li2CrCuO4,0.0
Li5Mn2Cu5O12,0.0
Co2B4Mo,0.0
CaS,5.38
NdAl7Au3,0.0
Yb23Mg4Cu7,0.0
Al9Co2,0.0
RbCu4AsS4,2.15
Ag2SnSe3,0.7
Ca3BiSb,0.0
LaScSi,0.0
Al6Ru,0.0
CoPS,0.4
Sr2V3Se5O18,2.47
Cd0.75In2.1Ag0.2Te4,0.54
CsRbP,0.0
KYbSe2,0.0
K2MnSnSe4,1.7
Nb5Ga4,0.0
La3Mo4O16F,3.7
Ba8Sn4S15,2.31
Ca2TlCd,0.0
Er4NiB13,0.0
LaAl4,0.0
Th2Fe7,0.0
CeBiW2O9,2.34
AlV(TeO4)2,2.9
SnPt3C,0.0
La2ZrS5,2.01
ScZnNi2,0.0
TePb3Cl4O3,3.79
CdCl2,5.7
Sn0.2Pb0.8Se1,0.06
AgF,2.8
K2La2Sb2S9,2.2
Bi1.4Sb0.6Te3,0.17
Pb1Se0.01S0.99,0.37
Mg23Al30,0.0
Bi0.2Sb1.8Te3,0.28
SbAs,1.6
Tl2PAuS4,2.2
Ge0.15Pb0.85Se0.85S0.15,0.34
Ba4B11O20F,7.1
Hf(VH2)2,0.0
Nb3VS6,0.0
KLu,0.0
NaBiS2,0.38
Y2C3,0.0
KV6O11,0.0
LiCuO2,0.0
Dy6FeTe2,0.0
NbSe2,1.4
K4Ce3Sn3S14,2.46
CsNbSe2O7,4.2
Yb2Ge2Ir,0.0
SrIn4Ir,0.0
K2NbCuS4,2.82
In0.4Ga0.6P1,2.05
Ba(AsPd)2,0.0
Co2Te3O8,3.6
NaLi3,0.0
BaBiClO2,3.71
KSi2P3,1.72
Sr3ScNiO6,0.0
Rb3Al3Ge7S20,3.1
SmSnRh2,0.0
Cs2AgBiCl6,2.77
Cs2CrCl4,0.0
RbIn5S6,2.5
TlBiTe2,0.12
MgPb3,0.0
Al6Tc,0.0
FeOF,0.0
Cs4In8GeSe16,2.2
Ti2NiSe4,0.0
Sn2SbS2I3,1.5
EuSbO3,0.0
Ga1As0.6P0.4,1.91
Gd2Se3,2.2
Nd4InSbSe9,1.57
Cr2HgSe4,0.0
ICl2,0.0
CaIrO3,0.0
Re2PbO6,0.0
PrLuSe3,1.56
Th2Se5,0.37
K3(FeS2)2,0.0
LaSn3Ru,0.0
CeAgSn,0.0
Li4(FeO2)9,0.0
La10Se14O,2.04
Tl2BiP2S7,1.8
Sm2O3,5.0
NaCeS2,0.0
HoTiO3,0.0
Tl2CdTe4,0.0
Hf4Al3,0.0
ThMn4(CuO4)3,0.0
InCuGeSe4,1.3
NaCd4P3,1.1
MgCuSb,0.0
Cu3Se2(ClO3)2,0.0
Ti2B,0.0
ScTlTe2,0.85
ScIr,0.0
BaSe,3.58
Ba2DyGaSe5,2.35
CeSiI,0.0
PbSeO4,4.3
HoInAu2,0.0
K2PAuS4,2.63
Lu2CdIn,0.0
UCuP2,0.0
CsCd4Ga5S12,3.09
Cs3Nb9(TeO8)4,3.22
Tm2CuTc,0.0
KSnAuSe3,2.28
Rb3Na(MoO4)2,4.84
Sn2S,0.85
Ba5V3O12F,3.85
YTmCu2,0.0
Yb(SiRh)2,0.0
Nd3Ni13B2,0.0
Ba2InAgS4,2.32
AlAgTe2,1.8
TmSnRu2,0.0
GdSb,0.0
Lu2TlAg,0.0
CsIn(SnSe3)2,1.78
BaAu(IO3)5,2.32
InSiTe3,0.0
TlCuSe2,1.07
TaPd3,0.0
BiBr3,2.66
LiBi3(ClO2)2,3.35
Tl(Cu3S2)2,0.0
Ti2CoGe,0.0
HfC,0.0
Sn1Se0.75S0.25,0.94
Dy2CdPd2,0.0
K2NbO6,0.0
Cd0.3Hg0.7Te1,0.27
Pr2Co12P7,0.0
Al0.01Cd0.99Sb0.01Te0.99,1.6
Mg3AsN,1.33
Ba(BRh)2,0.0
Ba2GaBiSe5,2.21
La5In3(S3O)3,2.6
Ge0.01Te1Pb0.99,0.32
Sn0.001Pb0.999Se1,0.24
Lu7(NiTe)2,0.0
AgO,1.57
YNiSb,0.18
La8Mn7O24,0.0
Si0.07Ge0.93,1.04
TlS2,1.8
Eu(ClO4)3,0.0
Mg2Cu,0.0
Tm(SiOs)2,0.0
Li11Mn13O32,0.0
Zn0.01Ga0.99P0.99Se0.01,2.24
Te2MoWS2,0.0
KBaAsSe3,2.26
Ge2Sb2Te5,0.5
Li2TeMoO6,3.5
LaSi,0.0
RbGaSnSe4,1.88
TaRh3,0.0
KTi2F7,6.4
ScBIr3,0.0
CsYCdSe3,2.54
Sm2(SnSe3)3,0.7
CsPSe6,1.9
BTe2As,0.0
TiNiSb,0.42
SrZrS3,0.8
PdSe2,0.4
Hg3PS3,1.98
YB2C,0.0
P2Os,1.13
V3(HO2)4,0.0
Li3Ti3(PO4)4,0.0
Bi2AsClO4,3.43
SiBi3O7,0.0
K3Nb2AsSe11,1.53
EuSn3,0.0
Tl3VS4,1.7
HfGaCo2,0.0
Sr2CoReO6,0.0
BiPO4,3.85
TeO2,3.0
Ca2CdPb,0.0
Mg(TiS2)4,0.0
Cu3AsSe4,0.65
ErAlGe,0.0
MgNiSb,0.0
SnHgO3,1.6
Rb3(Cu4S3)2,0.0
P4Ru,0.38
MnGePd,0.0
Ba6Al4B14O33,3.44
TlSn,0.0
Eu3Sn,0.0
Ga3CuSe5,1.75
Li4Ti5Cr3O16,0.0
BaGe4(IrS3)2,1.54
ZrHCl,0.0
Sr2La2.58Bi5.42S14,1.0
Ce(MnGe)2,0.0
Hf2ReRh,0.0
Rb2Cd3Te4,2.3
Na2In2GeSe6,2.47
Y3Al3NiGe2,0.0
Li2TeWO6,4.0
Ga2NiS4,0.0
LiGd5P2O13,3.73
Ba3Ta5NO14,2.8
BaSi,0.0
Sr2Li2Nb3O10,0.0
BaB6,2.64
TlNi,0.0
Zn(GaSe2)2,1.72
LiNiP2O7,0.0
TiTlS2,1.0
Cr3P,0.0
K6CdTe4,2.51
YSiRu,0.0
LiAgF3,0.0
Y(SiRu)2,0.0
Cs(MoO3)3,0.0
La2GeSe5,1.24
Rb5(WO3)18,0.0
HoB2Rh3,0.0
BaIn2Ir,0.0
KTaO3,3.5
Li2Fe3NiO8,0.0
LiV3O4,0.0
In11Cu9Se20,0.0
Mg2TiIrO6,0.0
Al3Tc,0.0
Ga5Ge(PbS3)4,2.35
HfAs2,0.0
CdSnP2,1.16
CaIn4Ir,0.0
Bi0.4Sb1.6Te3,0.21
Zn(InS2)2,2.5
SmAlCu,0.0
MnTe,1.25
Ce3MoO7,2.0
Tb(GePd)2,0.0
BaTaNO2,1.78
GdH2NO5,4.84
PrAl3Ni2,0.0
Sn3Pd,0.0
Ba2YInTe5,1.36
TlCoMo2,0.0
Sr3(SnIr)4,0.0
Sm2ZrSe5,1.41
ScCu2,0.0
FePd3,0.0
Cu2GeSe3,0.85
CsInTe3O8,3.9
Zr(Ni2P)2,0.0
GdCd4B3O10,3.8
TbB(SbO4)2,3.53
TbGa2Co3,0.0
V3CuO8,0.0
Ce4Si3Rh4,0.0
Tb3(MnC3)2,0.0
TiTlPS5,1.3
In1.7Cu0.3Se2.7,1.21
SnO,3.0
Ho4Ga16Co3,0.0
Tm2CdHg,0.0
Li2PrP2,0.0
V2TcRu,0.0
KNb2Se,0.0
Li2PmGe,0.0
Hf2Tl,0.0
In2Se2O7,2.97
Sm3Zr,0.0
SmMgHg2,0.0
ZrInCu2,0.0
Mn2VSi,0.0
Sc2GaIr,0.0
TaAlPt,0.0
Li2MgHg,0.0
Dy2Ti3Si4,0.0
YbRh2,0.0
Si3Ru2,0.44
Zn5.5Ga1Sn0.5O8,2.99
Ge(SeO3)2,5.27
Gd2O3,5.3
MgSnRh2,0.0
CeSi2Ni,0.0
Sm4GaSbS9,2.23
InPt3C,0.0
MnNbO4,0.0
UCoSi,0.0
Zr6Al2CoH10,0.0
AlNi2,0.0
La3In1Ge0.5S7,2.61
K9Bi13S24,1.4
Na4Mg(GeSe3)2,2.53
POsS,1.4
SbTeOs,0.05
Sm2IrPd,0.0
La2Pr2O7,0.0
EuScO3,0.0
SrAg,0.0
Ca(SmS2)2,2.05
Ca3In,0.0
In1Hg4As2.5Br3.5,1.71
BeSiOs2,0.0
NdCrGe3,0.0
SrZnSO,3.1
ZrTiF6,0.0
Cu0.96Bi2Se3I1,0.68
Ca2Sn,0.9
UO2,2.18
Cr(FeSe2)2,0.0
YMgCu4,0.0
SmAs,1.03
Pr4Te7,0.46
PrGe3,0.0
Er(SiPd)2,0.0
CsLu7S11,1.86
Hf2Co4P3,0.0
RbInS2,3.3
Na8(CuO2)5,0.0
Zn0.5Hg0.5Se1,0.6
Tb4GaSbS9,2.44
RbInTe3O8,3.9
Cd1Se0.99S0.01,1.68
EuBi3,0.0
Hf(VGa2)2,0.0
Ta2O5,4.2
CsCd4Ga5Te12,1.67
LiCaO3,0.0
SbTeRu,0.5
Tl4CuTeO6,2.2
Mn2CoGe,0.0
Ba5Ga6SnP12,1.21
KBaSbSe3,2.04
Li2MgIn,0.0
TiSe,0.0
Li9Fe3(WO4)7,0.0
La2Fe(SeO)2,0.7
Ba4Ga5CuSe12,1.45
InCuSe2,0.8
ZnSe,2.67
Zn0.94Hg0.06Te1,2.03
KBaB5O9,3.65
VP4,0.0
Ta2Mn3O8,1.89
Li2In2GeSe6,2.3
SmSnTe2,0.52
TmLuPd2,0.0
GdPbAu,0.0
FeAg3(CN)6,0.0
Dy(CoGe)2,0.0
LaP,0.54
HgBrCl,3.4
TmMgCd2,0.0
Hf2Al3C4,0.0
Sn0.1Te1Pb0.9,0.16
BaNb4O6,0.0
Nd4Mg3Co2,0.0
Li2MnNi3O8,0.0
CsCu2SbS3,1.63
La2Ge5Rh3,0.0
CsYbZnSe3,1.97
Eu(SbSe2)2,0.95
TlCr5SeS7,0.97
PrNiGe2,0.0
LaAl4Co,0.0
Ga1Sb0.95As0.05,1.28
Rb3Bi2Br9,2.62
BaSnO3,3.1
SrLi4(BO3)2,6.67
TlBiTe3,0.5
CoMoP2,0.0
Pt3PbC,0.0
U2TeN2,0.0
Na2Cd(GeSe3)2,2.37
KNb2O5,0.0
Ta4AlC3,0.0
BiSeI,1.28
Ba2ThCu2Se5,1.75
Nb6Co7,0.0
BeCu,0.0
Ca2CuWO6,0.0
Na3WClO4,4.99
Li3Co4TeO8,0.0
Sr2SmTaO6,3.38
Tl2Mo7O22,0.0
LiMoIO6,2.8
CuBiPbS3,0.12
Mg2Co,0.66
Na0.5Ge1Pb1.75S4,2.08
CsCdBO3,2.58
TlCoBi,0.0
YZn5,0.0
VO,0.3
Ga0.001Te1Pb0.999,0.3
Th2CrN3,0.0
K4Hf3Se14,2.02
AlFe2Si,0.0
CoSb3,0.49
LuU2S3O2,0.0
Cu9S5,0.0
Tb2Sb5,0.0
Sr6Nb7O21,0.0
Cs2ZnGe3S8,3.33
Yb2HgPb,0.0
Ti2ReRu,0.0
CrO3,1.4
Ti2OsRu,0.0
P2Pt,0.6
Ga4SnS7,3.1
V3CrO10,0.0
Na2Se,2.0
Ce3Al,0.0
NdRh,0.0
Li2DyIn,0.0
Ga1.65Cu0.35Se2.65,1.81
U2Cu2As3O,0.0
HgSe,0.07
Pr2S3,2.6
NaCdO3,0.0
InN,1.95
CeTlZn,0.0
CsF,10.0
ZnGaRh2,0.0
Li0.33Ti0.67Ag1O2,2.7
Al0.99In0.01P1,2.4
LiAl3,0.0
Cd4As2I3,1.89
Ga8Cu3Mo2,0.0
Sn0.01Pb0.99Se1,0.16
Gd1.05Sc0.95Se3,1.2
Ca(Ni2O3)2,0.0
RbTa3(TeO6)2,3.88
VAg(PSe3)2,0.0
Hf2Fe,0.0
La2Fe2I,0.0
LiHg2Pd,0.0
MgSc,0.0
Ba2SmTaO6,3.02
RbCu(SbS2)2,1.6
Cs4Ag9(SbS3)4,2.0
NaSc(SeO3)2,5.5
Sc(TiN)9,0.0
CaTiO2,0.0
Cu2HgGeSe4,0.0
Ca(SiPd)2,0.0
TiCoSn,0.0
Lu2AgAu,0.0
SrLi2Sn,0.0
In3CuSe5,0.6
PdS,0.5
In4Bi3S10,1.42
Dy7In(CoGe3)4,0.0
LiCu3F7,0.0
HoN,1.79
Li3Ni3(PO4)4,0.0
ErSe2,1.07
Zn2SnN2,0.0
GaCuSe2,1.36
Li3Mn(NiO3)2,0.0
Ho2HfS5,1.0
Y2O3,5.6
MnAs,0.0
YbH2ClO2,0.0
ZrAl5Ni2,0.0
BaMn4ZnO8,0.0
LaCuSO,3.1
PrInAu2,0.0
K4Ge(PSe3)4,2.0
Pr3(Al2Si3)2,0.0
KHg11,0.0
Ga0.99Hg0.01Sb0.99Te0.01,0.72
TaPt3,0.0
Al0.4In0.6P1,2.12
ErNi4B,0.0
La3LuSe6,1.26
Dy3Ga,0.0
Zr3Ir,0.0
ZnCu2SnTe4,1.39
PrIr2,0.0
AgCl,5.13
RbInSnS4,2.7
KCuPO4,0.0
Zn0.01Ga0.99As0.99Se0.01,1.39
Dy2S3,2.91
NaIn(IO3)4,4.25
VNi2,0.0
U4N7,0.0
CsInSe2,2.81
Eu3P2,1.2
GeRh,0.0
KUCuSe3,0.0
Ga1.1Sb0.9Te0.3,0.7
Ca4Bi6O13,2.76
Ca(CoS2)4,0.0
EuSe,3.1
TbWClO4,4.24
Ga1Sb0.25As0.75,0.65
Bi2Pd3S2,0.0
Li13Nb14ZnO42,0.0
Ti20(Sb3Se)3,0.0
BSbPbS4,1.8
PmCdPd2,0.0
Sc2TlTc,0.0
SnCl2,3.9
Nb2Tl3CuSe12,0.8
ThAl,0.0
MnInCu2,0.0
Sr8(MnN3)3,0.0
Pm2IrRh,0.0
Gd3Al0.74Si0.7S7,2.34
SrIn4Pt,0.0
Cs3NaZn2Ge21,0.3
LuPt3,0.0
RuS2,1.8
Ca2PbAu2,0.0
TlAsSe2,1.35
Ga1Sb0.01As0.99,0.7
Ti2TcNi,0.0
Ag2BBr,0.0
Rb2Mo3Se3O16,3.1
In0.07Te1Pb0.93,0.32
LaPt5,0.0
CdInCuSe3,1.66
Th3B2C3,0.0
TlInGeS4,2.3
Ag8GeS6,1.18
La2CuO4,0.0
RbCd4Ga5Se12,2.19
Pb2SeN2O9,3.76
Na2Ti3O7,3.51
K3V,0.0
SrPb3,0.0
CrO2,0.23
Ga1As0.8P0.2,1.62
Sc2Al3Ru,0.0
LaSb,0.8
Lu2Al3Co,0.0
Hf3P,0.0
LiTaO3,4.1
Cu3Pd,0.0
NaC,0.0
LaPd3S4,0.0
Pd2N,0.0
Li4WO5,0.0
Er2Te3,0.9
SrSeO4,4.75
CsLaHgSe3,2.46
ScNiSb,0.11
Pr5Si4,0.0
Al(NiS2)2,0.0
MgCu2GeS4,2.36
FeI2,5.15
As2Pt,0.5
AsPd3Pb2,0.0
CrNi3,0.0
MnSiNi2,0.0
La3Si1Sb0.33Se7,1.75
Ti11O18,0.0
KZn4(BO3)3,2.32
TmSnRh,0.0
CdGeAs2,0.41
Bi2O3,2.8
Co2O3,0.0
Li5Mn3(FeO5)2,0.0
MgCuBi,0.0
PbCl2,3.82
Al0.4Cd0.6Sb0.4Te0.6,1.8
Ta5N6,0.0
Li4Mn3Cr3O12,0.0
CsCd4In5Se12,1.62
BiSI,1.56
K3Cr2(PS4)3,1.35
Nb3V(PO4)6,0.0
SrCuBi,0.0
TlCr5(SeS3)2,0.94
Ce3Pd5,0.0
CaCdSi,0.0
Ho2CuRh,0.0
Cs2NaMgF6,0.0
Si0.999Ge0.001,1.09
BiPbClO2,2.45
Sn0.15Te0.15Pb0.85Se0.85,0.18
Co3H,0.0
Li2Fe3CoO8,0.0
NaSbTe2,0.47
V2OsRu,0.0
Zr0.67Ta1.33N3.03O0.12,1.71
Ba2ErGaTe5,1.15
Bi2Te2Se,0.3
Ti3SnC2,0.0
CoOF,0.0
ZnCu2GeSe4,1.63
Mn2Nb,0.0
KAg2SbS3,2.1
Ba2NdInTe5,1.37
Sm2S3,2.96
BaGe4(IrSe3)2,1.33
CdP4,0.9
Yb2InPd2,0.0
Cr4Cu3Te8,0.0
Ho2Pd2Pb,0.0
Ca11Bi10,0.0
NaGaGe3Se8,2.35
DyB2Rh2C,0.0
U(CrC)4,0.0
AgSbSe2,0.58
Co2Ge,0.0
Li4FeNi3O8,0.0
Li3FeS3,0.0
CsEr9(Cd2Se9)2,2.09
MnSnRu2,0.0
Na2TeSe3,1.87
Pr9(SbO)5,0.0
Ga1Sb0.35As0.65,0.68
LiMnO2,0.0
FeCuSe2,0.15
Ge0.3Te1Pb0.7,0.48
Li3V4NiO12,0.0
BaTi14O28,0.0
SnS,1.07
Al0.45Cd0.55Sb0.45Te0.55,1.93
Eu2O3,4.5
SiSb,1.9
K2PdSe10,1.48
Te2Pd3,0.0
Ho2S3,0.5
Bi24BO39,2.91
Bi1Sb0.15,0.02
Ce5CuSe8,0.0
Cu3AsS4,1.24
BaTl(MoO3)2,0.0
Hf2Ni,0.0
LaV,0.0
Zn6S5Cl2,2.71
YbMgPd,0.0
HoTiSi,0.0
Ni4(BiO2)9,0.0
LiCu5P3O13,0.0
Ca(Al4Co)2,0.0
ErBPd3,0.0
LiAl2Tc,0.0
Ce15B8N25,3.5
InAg3,0.0
Ni2Mo3N,0.0
Dy5Sn3,0.0
Li3GaTe4O11,3.85
Mg2Pb,0.04
Ag5IO6,1.4
Ba5Sb3,0.0
Bi3Se2NO11,3.59
La(In2Au)2,0.0
Zn0.9Hg0.1Se1,1.75
YCdPd2,0.0
CsCeCdSe3,2.4
Si2Ni6B,0.0
Cr2SbTe,0.0
Ba4Nb14O23,0.0
In1.6Ga0.4Cu1S3.5,1.55
Dy1Te1.45,0.6
CsLi(B3O5)2,6.89
Rb4CuSi2O7,0.0
Ba2DyCu3O7,0.0
Al2CoIr,0.0
Dy4Sb3,0.0
Cd1Se0.35S0.65,2.13
BeAlB,0.0
YbNd3,0.0
LuGe2,0.0
NaZr2TiF11,0.0
Ba5(GaSe4)2,2.51
DyBiPd,0.0
U4Re7Si6,0.0
LiYbF4,0.0
Ca(MnAs)2,0.0
Li8GeN4,2.61
Gd3(AlNi3)2,0.0
Rb5Tl3O,0.0
AsPPt,0.4
K1.46Sn3.09Bi7.45Se15,0.39
K10Sn3(PSe3)8,1.82
Cd0.37Hg0.63Te1,0.35
In4Se3,0.64
SrIn2Rh,0.0
Cd1Se0.2S0.8,2.23
Ba2GaBiS5,2.38
BaGa2GeS6,3.23
La3ZrSb5,0.0
La2Rh7,0.0
Ga3SiAg3Se8,2.3
Cu2O,2.58
Na2Cl,0.0
Zn3Cd,0.0
YCdPt2,0.0
KV4Ag11O16,2.0
Ba3Ta2ZnO9,4.32
K10Zn4Ge4S17,3.34
K(OsO3)2,0.0
In0.8Ga0.2As1,0.5
CuSbSe2,1.05
Sr2TiO4,3.41
Tm(MnGe)6,0.0
EuCu9Sn4,0.0
Th(FeGe)2,0.0
Ge0.05Pb0.95Se0.95S0.05,0.29
Na2UI6,0.0
SmHg3,0.0
Mn5O3F5,0.0
AgTe2As,0.8
Ho2O3,5.42
NdBRh3,0.0
Cd6P7,0.85
SiAs,1.45
Dy(CuSe)3,0.2
Ca5Sn4S13,0.0
Yb2EuS4,1.6
Mn3NbO8,0.0
ZnAs,0.9
La3Si1Sb0.33S7,1.92
Bi2Se3,0.35
Ga2(TeO3)3,4.14
Zn0.85Ga0.15As0.15Se0.85,2.25
TmAl4Ni,0.0
LiTa3(BiO3)4,3.5
P2Pd,0.65
SbSeI,1.63
Tb2Ti3Ge4,0.0
Yb(Fe2Ge)2,0.0
In0.005Te1Pb0.995,0.43
Yb4Sb3,0.0
Ge0.01Te0.01Pb0.99Se0.99,0.23
CeHg,0.0
Li2In2SiS6,3.61
RbCd4Ga5Te12,1.64
Cd0.3Hg0.7Se1,1.1
Sr0.5Ta1O3,3.7
Ce9SmO20,0.0
Mn2CoAs,0.0
LiCa2Ge3,0.0
Mo3Pd2N,0.0
Eu1.75Ag0.5Ge1S4,2.14
GaSiRu2,0.0
Nd2IrPd,0.0
Cs2Cd3Te4,2.48
SrIn2,0.0
Ba2SmCu3O7,0.0
Tl2Hg3Te4,0.9
Tl2.35Sb8.65Se14,0.6
YbSb,1.0
SmCrGe3,0.0
Fe6O7F5,0.0
Li2CrCo3O8,0.0
Ni7(P2O7)4,0.0
Li4Co2Ni3O10,0.0
PrCo4B,0.0
TiReN3,0.0
NaYb(PS3)2,1.85
Sc(CuSe)3,0.3
CaPb,0.0
PH6NO4,6.8
Sm(MnGe)2,0.0
Nd2Fe14B,0.0
InSn2As2Se,0.2
Tb2EuSe4,2.0
AsOsS,1.3
Yb11(Ni10C)6,0.0
CeInIr,0.0
SmMg3,0.0
NdAl4Ge2Au,0.0
LiInSn,0.0
LuMnSi,0.0
Mg3N2,2.8
AgSbS2,1.88
NiGePt2,0.0
La2HfS5,0.7
LiSnAu,0.0
CsLu7Se11,1.78
YAgO3,0.0
CdTe,1.43
Ba2UCuO6,0.0
DySnRu2,0.0
LiH3(SeO3)2,4.9
Mn3V2(SiO4)3,0.0
AgAu3,0.0
Zr4AlNi2,0.0
Zn0.85Hg0.15Se1,1.8
Zn0.01Cd0.99Se1,2.4
InHg7S6Cl5,2.54
Na6CoSe4,0.0
Be2W,0.0
ZnCu2SiS4,3.0
K4GeS4,0.8
ZnS,3.54
Eu(POs)2,0.0
NaSb(PS3)2,2.17
Ta2TiN3,0.0
Ce2Ge2Se7,1.1
La2O3,5.4
Er(Al10Cr)2,0.0
Rb2GeB4O9,5.54
GdZn,0.0
K10Fe4Sn4S17,2.2
AlCuS2,3.5
SmB66,0.8
HgS,2.1
U(CoGe)2,0.0
BaLa2CoS5,0.0
Ge0.15Te1Pb0.85,0.36
Sn0.28Te0.28Pb0.72Se0.72,0.12
Ba3ErRu2O9,0.0
P2Ir,1.0
V2Cd2Te2O11,2.48
RbH3(SeO3)2,4.84
UGa5Ir,0.0
CsBr,6.8
Eu(ErSe2)2,1.7
Sm2TlZn,0.0
Al9Rh2,0.0
RbF3,0.0
Mn2Cu(PO4)3,0.0
BiPb2S2I3,1.6
VB2,0.0
LiTlPd2,0.0
Si0.347Ge0.653,1.91
Eu(InAs)2,0.0
Er2(Ga3Co)3,0.0
La1Se0.14S1.86,2.5
NdMgNi4,0.0
Yb(CuS)3,1.56
ThSi2Ru3,0.0
Cd4P2Cl3,2.17
Ba2ErInTe5,1.35
Bi4Pd(SeO3)4,2.06
USeS,0.0
LiNi2(PO4)3,0.0
Ce3Ta(ClO2)3,0.0
SmLuTl2,0.0
La5SmS8,0.0
InS,1.8
In0.3Ga0.7As0.7P0.3,1.67
Cs5Mo21Se23,0.0
CsDy9(Cd2Se9)2,1.99
K3B6ClO10,6.89
NdGa2Ni,0.0
Mg4Sc3(SiO3)8,0.0
LiAsSe2,1.1
In3Pd5,0.0
Ge0.2Pb0.8Se1,0.35
Cr2CuS4,0.0
Ag2GeSe3,0.9
Sr3Se3ClO8,4.4
In3Sb,0.0
Na5Cu7O13,0.0
Pm2NiRh,0.0
RbBi3TeSe4,0.8
Ga1Sb0.99As0.01,1.37
Ir0.67Se2,0.45
Rb4Ge3B6O17,5.42
Ge0.2Te0.2Pb0.8Se0.8,0.36
Sm4Al23Ni6,0.0
Ag7AsSe6,1.0
NdAu3,0.0
YbAl3,0.0
Li3CrO4,0.0
Th(Al2Fe)4,0.0
SrSe,4.42
MnP4,0.28
HoZnRh2,0.0
CdIn8Te13,1.02
SrTe,3.73
Si0.3Ge0.7,0.88
Ti2Be17,0.0
DyAs,1.0
K4GeSe4,0.64
Na3UF7,0.0
Sm2In,0.0
ZrW2,0.0
In0.1Ga0.9As0.1P0.9,2.25
YN,1.9
Ti4NiBi2,0.0
AgBiPbSe3,0.13
Sm4U4O17,0.0
Ga1.001Sb0.999Te0.003,0.72
Y2ReB6,0.0
Cd(InTe2)2,0.9
TmCu4Ag,0.0
Pr7Mn8O24,0.0
BiTeI,0.46
RbMn4In5Se12,1.76
ZrRe2,0.0
Nb5OF14,0.0
Si0.226Ge0.774,1.5
Y2Ge2O7,0.0
Mn11Si19,0.5
Te2Pd3Pb2,0.0
HoTiGe,0.0
Cd0.06In0.94Te0.06As0.94,0.68
Rb3Cd(BO2)5,2.34
HgPt3,0.0
CeMg2Ag,0.0
Y2Ge5Ir3,0.0
ZrInPd2,0.0
Li2Si4Ni5O14,0.0
Nb4Co2PdSe12,0.0
GeTe2,0.3
Li3Mn3WO8,0.0
La(Ni2B)6,0.0
In1.9Cu0.1Se2.9,1.45
CuBiPbSe3,0.07
Hg3C,0.0
Ca3N2,1.55
Nd4(GeS4)3,2.62
HfTl3,0.0
EuCo8P5,0.0
CsIrO3,0.0
Ce(HO)3,0.0
CoAs3,0.4
RbNa2Sb,1.0
La2Se3,1.65
Mn0.05Te1Pb0.95,0.37
Sr(GaAu)2,0.0
LaVI5O16,3.58
Tl(WO3)3,0.0
Tm4Sb2Se11.68,1.22
CsMn4Ga5Te12,1.55
Re2W3C,0.0
CeSi2Pt,0.0
U(CuP)2,0.0
Ca2Sn2F3,0.0
CoSb2,0.17
In2HgSe4,0.6
NaCdAsS3,2.93
Cs2Te,3.5
Sc14Cu14O37,0.0
Li3Fe(CoO2)4,0.0
Ga1As0.3P0.7,2.16
TePd,0.0
Cs2NbCuSe4,2.19
BaAlCu4O7,0.0
Mn(SbO3)2,0.0
Cs2DyCu3Te4,1.38
Lu2O3,5.5
SmInAu,0.0
Th2In,0.0
Al(Ni10B7)2,0.0
YbSi2Ni,0.0
KNa2Sb,1.0
Cd0.8In2.1Ag0.1Te4,0.29
K3Th2Cu3S7,2.49
Ca3Al2Ge3,0.0
Si0.08Ge0.92,0.72
ThFe2SiC,0.0
YbBO3,0.0
CsInTe2,2.16
LiGaAu2,0.0
KTi5Se8,0.0
BaNa2GeSe4,2.25
Ce10Se14O,1.93
GeAs2,1.0
SrTaNO2,1.99
Ag2Mo(I2O7)2,3.06
Ni2Mo4N,0.0
NiTe,0.23
Sm4In21Pd10,0.0
Tb(CoB)2,0.0
Nb3In,0.0
ZrTe,0.0
Zn0.99Cd0.01Se1,3.6
BeGaRh2,0.0
GaAs,1.4
SrSnO3,4.1
Na4Al4Si19,0.64
K3Cd(BO2)5,3.47
Dy2MgTl,0.0
Ce2ZnNi2,0.0
LiInS2,3.56
In1.05Cu0.95Se2.05,1.07
Sc8Te3,0.0
La5YbS8,0.0
CdSb4MoO10,3.4
SiSn,0.59
LiBiS2,0.11
Dy4Te3S4,1.43
Li4HgGe2S7,2.75
TmMgAg2,0.0
EuCuSeF,0.0
Cs2SeClF6,0.0
Ga1.65Cu0.35S2.65,2.53
TiFe2As,0.0
Ag3Pd,0.0
Y(TiGa2)2,0.0
In1Sb0.7As0.3,0.16
Gd2S3,2.55
Zr5Sb3,0.0
Nd10Se14O,1.98
Eu(TmSe2)2,1.8
Ba2GaAsSe5,1.39
PmGaAu2,0.0
SbSBr,2.17
Eu3As2,0.6
BaGa2GeSe6,2.22
In1.5Cu0.5Se2.5,1.24
Ba3Te,0.0
Ca3Au4,0.0
LiTm2Ru,0.0
Gd3.04Sc0.96S6,1.5
Cs2P2PdSe6,1.6
YbSnTe2,0.75
LiGaS2,3.62
NaTi5Se8,0.0
K2Te,1.9
Ba(NiP2)2,0.0
Yb(AlGe)2,0.0
As2Os,0.9
Cu9O13,0.0
K4Al4Si19,1.4
Rb2Cd3Se4,2.37
CsAu,2.3
LiAlB4,0.0
Ni2Te3O8,3.84
Ba3Cd(SnS4)2,2.75
K3Ga3Ge7S20,3.25
FeSi2,0.85
MgCu2SiS4,3.2
TbHg2,0.0
ThPd3,0.0
ZrSbRu,0.0
BiSe,0.4
Ba2GaS4,2.55
Al0.2In0.8P1,1.7
Li2Ga2GeS6,3.65
Na3Tl,0.0
ScAgO2,3.8
Nb2Sb,0.0
K3Ta2AsS11,2.21
Pr2Te4O11,3.65
HoCu4Pd,0.0
P2O5,0.0
IrPb,0.0
Li3Mn4O8,0.0
PrFeGe2,0.0
LaIn5Ir,0.0
Y2Fe2Si2C,0.0
TmAu2,0.0
Pr4MgRu,0.0
KLiCO3,6.32
Zn2InCuSe4,1.1
CsTm9(Cd2Se9)2,2.16
Ag3AsSe3,1.86
Ga1.005Sb0.995Te0.015,0.68
LaF3,6.6
VTeHO5,2.51
Zn0.9Hg0.1Te1,1.74
Ba3B1.5Sb0.5S6,3.01
Ce4InSbSe9,1.69
CaGaAu3,0.0
Sc3BPb,0.0
Te0.5Se0.5,1.0
Tm5(Ge5Rh2)2,0.0
ThBi2,0.0
BaZnSiSe4,2.71
Li3AlP2,2.75
Cs2Sb,0.62
Cd2InCuTe3,0.7
BaLa2Te5O14,3.81
AlAs,0.0
ZnCu2SiTe4,1.47
Ba4Sm2Cu2O9,0.0
HgIrO3,0.0
Li3Fe2SbO6,0.0
NdSb,0.0
HfPt,0.0
Cs3Li4(BO2)7,6.53
GdZnIn,0.0
LiTaRh2,0.0
SmS,2.3
NaTa3,0.0
ZnHg3(SeCl2)2,2.23
Sr2V2(SeO5)3,2.96
K3Sn,0.0
NaIn3S5,2.18
SrSbAu,0.0
Li2MnGeS4,3.06
VO2,0.12
CsSc(SeO3)2,5.2
As2S3,1.89
V5SiB2,0.0
Hf5Sn3,0.0
Tl2S,1.0
Rb2Tb3AlF16,0.0
Nd1.33Lu0.67S3,1.5
TlCr5(SeS)4,0.85
ScAg(PSe3)2,1.55
Yb2MgSe4,0.0
BaCaB2O5,5.6
U2(Co7B2)3,0.0
Nd(CoGe)2,0.0
LuIr,0.0
B3Pb3NO10,3.64
Sc2GaAg,0.0
CeCoGeH,0.0
Zn0.4Hg0.6Se1,0.42
CsCl,7.8
YMg4Cu,0.0
Al4Cu2O7,0.0
Yb3Al5O12,0.0
Eu3Se4,0.58
Ba2SmGaSe5,2.27
Li4Ni2(PO4)3,0.0
LiMgAs,0.7
Gd3ReO7,0.0
DyZrSb,0.0
In0.8Ga0.2As0.8P0.2,0.85
NdIn5Rh,0.0
Rb4Ga4Si19,1.18
Cs2NaCoF6,0.0
Dy2Te3,0.69
Nb3Te,0.0
SbOsS,1.2
Li4Cr3NiO8,0.0
In0.6Ga0.4As0.6P0.4,1.25
Mg3(Ni10P3)2,0.0
TlCuCl3,2.98
Ce2Sb,0.0
Pr(MnSi)2,0.0
Zn2Ni9O13,0.0
NaNbSe2O7,3.65
Cs2Hg(ICl)2,2.15
GdGeRu,0.0
Mn2AlB2,0.0
Er2C3,0.0
RbSbO3,0.0
Cs2Cu(PS3)3,2.4
GePb2(SeO3)4,4.1
Ce8Sb2S15,1.99
LiSbTe2,0.13
K4Ga4Si19,1.18
Li2MgSn,0.0
ZnSnO3,3.9
TiSe2,1.55
GaSb,0.67
In2As2Cl2O5,4.62
ScN,2.6
HgRhO3,0.0
VBi(SeO4)2,2.2
Cs2NaMnF6,0.0
Ga1.02Sb0.98Te0.06,0.68
SnRh,0.0
DyBPd3,0.0
ZrB2,0.0
AgBr,2.52
Cd0.204Hg0.796Te1,0.06
GaAgGeS4,3.0
LiZn2GaO4,4.0
Ga1Sb0.14As0.86,0.66
Pr(BRu)2,0.0
Pr(FeSi)2,0.0
CdSnAs2,0.26
Rb3Sb2I9,1.94
Cd0.05Ga0.95Sb0.95Te0.05,0.74
Lu2CrS4,1.75
LuCd4B3O10,3.7
Pt0.97S2,0.95
Na8Hg3,0.0
As2Se3,1.7
Ba7Ga5AgS15,2.6
CeBC,0.0
LiLu2Ga,0.0
TbNi5,0.0
HgCl2,4.45
MoO3,3.54
YbCdHg2,0.0
Li(NiO2)4,0.0
BiI3,1.8
CeMoO4F,2.52
Pr2Ir2O7,0.0
Ba2Cd(BO2)6,4.59
NaIn(TeO3)2,4.0
RbCd4In5Se12,1.57
V6PbO11,0.0
SrZnSb2,0.0
NaInSnS4,2.4
Ce(InS2)3,1.11
SrUS2,0.0
In1.99Cu0.01Se2.99,1.45
In0.9Ga0.1As0.9P0.1,0.45
Rb3Ga,0.0
LaB6,4.1
CuNi(CN)4,2.7
TiI,0.0
RhS3,1.5
MnSbPd,0.0
Nd(GePt)2,0.0
BPb6BrO7,2.84
BaCu2SnSe4,0.48
Ag9Ge2IO8,0.0
Sm2Pd2Pb,0.0
HfAsRh,0.0
Dy12Co7,0.0
CeNbO4,0.0
ZnCu2SiSe4,2.33
EuSnAu2,0.0
Mg2GeSe4,2.02
Mn(BW)2,0.0
Ta2PtSe7,0.0
Ce2Fe(SeO)2,0.64
Hf2OsPd,0.0
In2GeTe3,0.68
Y(CuSe)3,0.88
Ca3(BN2)2,3.9
Bi2Te0.03Se2.97,0.27
Ba2HgS5,2.4
RbH2(IO3)3,4.07
Ge3Sb,0.0
Ba(GaS2)2,4.13
V8O,0.0
Lu5(Si5Ir2)2,0.0
PrMo3,0.0
P2Se3,2.4
ZnSnP2,1.3
KSbSe2,1.14
Ca3PbN,0.0
Rb5B(SO4)4,3.99
Zn0.5Ga0.5P0.5Se0.5,2.13
YbAgGe,0.0
Fe4Si2Sn7O16,0.0
K3Sm(AsS4)2,2.2
ErAgSn,0.0
Na2B6O9F2,7.33
SrMgSnSe4,2.0
Cr2CuTe4,0.0
Tm(CuGe)2,0.0
Ta2OsW,0.0
Li3Mn2(PO4)3,0.0
Ba2NdGaS5,2.12
V2Pb4(Se2O7)3,3.37
TeSe3,1.4
MnNiP,0.0
MgPt5,0.0
Bi0.4Te0.6Pb0.8Se0.8,0.22
PrAgAs2,0.0
Li7Ca8Nb12O40,0.0
Ca2Co9O13,0.0
Ga1.6Cu0.4S2.6,2.45
HoCd,0.0
Li4Mn5Ni3O16,0.0
Nb17Ir3S40,0.0
RuCl3,0.0
Ti2NiH,0.0
Bi2Mo2Se2O13,3.15
HoTlPd,0.0
EuO,1.12
Tm(CuTe)3,0.14
Yb(CuSe)3,0.2
Tl2TeBr6,2.06
Cu2OF2,0.0
Ce2(SbPd3)3,0.0
Sr4Te3(ClO2)4,4.0
CaTe,4.07
Ti13S24,0.0
Dy3MnB7,0.0
SrBiClO2,3.52
HoGe,0.0
K2Sn2Hg3S8,2.4
LaMg2H7Pd,1.0
Ta2Nb3O12,0.0
RbNa2NiO2,0.0
Lu3BC3,0.0
Nb2AgPS10,1.78
CrIrO6,0.0
BaF2,9.06
Rb2Hg3(GeS4)2,2.8
InSiIr,0.0
Nd2CdIn,0.0
Ba14Ir8(PdO11)3,0.0
Rb2NaNiF6,0.0
Si0.94Ge0.06,1.06
CsYbMnSe3,1.59
Ga2GePbSe6,1.96
CaCu5,0.0
CdHg4(AsI2)2,1.45
LaGaO3,4.4
AlCuSe2,2.5
Li3Si3Ag2,0.0
LuAg2,0.0
Tl2Hg3Se4,1.57
CsZn4In5Te12,1.61
Fe2Cu(PO4)3,0.0
Ga2CuSe4,0.63
K2Hg3Se1.31S2.69,2.28
In5Se6,0.14
CsLuCoS3,1.18
La2Si5Rh3,0.0
Ba2YGaSe5,2.31
Mn2GeS4,0.0
Ho3Hg,0.0
CdIn,0.6
CsSmHgSe3,2.37
Hf54Os17,0.0
CsErZnSe3,2.56
TbSnAu,0.0
Ce2Te3,1.22
TeI4,1.1
TaN,2.3
LiMnP2O7,0.0
LiMg2Ag,0.0
SrMgIn3,0.0
Cs4Ge(PSe3)4,2.0
Zn0.92Hg0.08Te1,1.9
LiAlGe,0.0
ScTlSe2,0.79
PrBN2,4.0
Nd2WC2,0.0
Cs2AgBiBr6,2.19
SrB6,3.68
HoCd3,0.0
SmTh3,0.0
HoGeAu,0.0
RbCu2AsS3,1.96
Na2Tl,0.0
Ga1As0.2P0.8,2.2
TaGaS2,2.4
NdAgAs2,0.0
Li17Nb20O60,0.0
LiSn(PO3)4,0.0
Er5Bi3,0.0
CsBiS2,1.39
Al6Fe,0.0
Li4Co3CuO8,0.0
LiNb3(BiO3)4,3.0
Co7Mo6,0.0
CdIClO3,4.3
NdSn2,0.0
As2Ir,1.0
SiAu3,0.0
Re2RuBr,0.0
Tb(Ni2P)2,0.0
Ti3Be,0.0
UNiSn,0.0
Ba5In4Te4S7,2.13
Hf5CuPb3,0.0
Cs39Ga53(Se16Cl)6,2.74
Ho2(MoO4)3,1.07
CoAsSe,0.2
Cu(IrS2)2,0.0
Yb2SmS4,0.0
Sr(PrS2)2,2.7
TbYbRh2,0.0
Sr(CeSe2)2,0.0
Rb2Cu2SnS4,2.08
K2Dy2Ti3O10,3.38
PrCuSO,3.03
BaNa2GeS4,3.7
LiCu2(CO3)2,0.0
LiHfPd2,0.0
BiPd,0.0
Ba2TaInO6,4.17
LiGaPd2,0.0
TmIn3,0.0
Ba4Ge3Se9Cl2,1.89
K8Ce2I18O53,2.34
Cu15Si4,0.0
Si2Pd9,0.0
Ca(PrS2)2,2.9
Mn2Tl2O7,0.0
In2B(PO4)3,5.39
Ba2V4(TeO6)3,2.64
Sr2MgReO6,0.0
In0.3Ga0.7As0.3P0.7,2.05
Cu4As2O9,0.0
LiCo(CO3)2,0.0
TlCr5Se3S5,0.89
SbPd3,0.0
In0.1Ga0.9As0.9P0.1,1.6
RbZn4In5Se12,1.76
EuTl,0.0
U3Se4,0.0
YbGa2Pd,0.0
Zn0.75Cd0.25Se1,3.2
Ca3Zr17O37,0.0
Ba2CaReO6,0.0
In11.3Bi14.7S38,1.45
Cu11Sb4S13,0.0
U3Cu2Se7,0.0
Gd3Co11B4,0.0
YWO3,0.0
Cd0.01Ga0.99Sb0.99Te0.01,0.72
NdB6,4.9
In0.2Ga0.8As0.8P0.2,1.58
VPO4,0.0
Ce3B2(ClO2)3,0.0
HoSi,0.0
Ta4Cu2O11,2.6
BaBClF4,6.89
TmCoSi2,0.0
LiScHg2,0.0
Ga1.01Cu0.99Se2.01,1.59
TlPS2,1.6
ZrC,0.6
Al2Cr2O7,0.0
MnTePd,0.0
GdScS3,2.1
Sn5(BIr3)2,0.0
Na2VCuF7,0.0
Si0.6Ge0.4,0.94
TiMn2Ge,0.0
HgTeI,1.85
HfSiPt,0.0
Ba3Tb2(PS4)4,3.37
TaBe2,0.0
KV2I3O13,2.3
RbAg5(PS4)2,2.4
Zn0.6Ga0.4As0.4Se0.6,1.8
CaMnSn,0.0
Ti6H2O13,3.4
CsUCuS3,0.0
KSnAuS3,2.3
Ba1.88Ta15O32,0.13
Bi1.8Sb0.2Te3,0.15
ErBiW2O9,3.26
ScHg,0.24
Yb2(ZnGe)3,0.0
UGa3Ni,0.0
Sn2BiSI5,1.32
Pr2HgPb,0.0
YTi4(CuO4)3,0.0
NiGe,0.0
TlPSe2,0.5
Li8PrO6,0.0
MnIn2PbS5,1.45
Ca6Cu2Sn7,0.0
BaIn2(P2O7)2,3.97
Li3Ni(SbO3)4,0.0
In0.3Ga0.7As1,1.0
Zn0.3Ga0.7P0.7S0.3,2.3
Na3(WO3)4,0.0
ZnTc,2.37
In1Sb0.1As0.9,0.14
Gd1Mn1.95In1.05S5,1.66
H2Se,0.0
Rb2Na2IrO4,0.0
Li4CrO5,0.0
Ce(SiAu)2,0.0
Ba2GdInTe5,1.36
DyCd2,0.0
CsRb2Sb,1.5
Y4GaSbS9,2.06
In6S7,0.7
Pr(CoAs)2,0.0
Ho3P,0.0
Nb3IrSe8,0.0
HoMn12,0.0
Zr5Sn4,0.0
In0.01Ga0.99As0.99P0.01,1.43
Er(InS2)3,1.28
LiZnBO3,3.1
GdTe,1.3
ScPPt,0.0
Li13Ti22O48,0.0
TmH2,0.0
Bi2S3,1.2
Li6(NiO2)5,0.0
GaHSeO4,5.51
DyInAu,0.0
Pb1Se0.9S0.1,0.27
BaNa2SnS4,3.27
Hf3P3Pd4,0.0
HPbI3,0.0
YErRh2,0.0
Hf2MnIr,0.0
ZrNiGe,0.0
Mg10B16Ir19,0.0
KSiBiS4,2.25
Ba12In4S19,2.56
CuClO2,0.0
CeAlSi2,0.0
LiCu2Ge,0.0
Pr(CoGe)2,0.0
Li3Mn2(CoO4)2,0.0
Ba2TbIrO6,0.0
Sm2Sc3,2.3
Ca10Ge16(B2O17)3,5.47
Ba2B4H2O9,5.12
Ce3LuSe6,1.1
Sr(Sb3Ru)4,0.0
Ga1.02Sb0.98Se0.06,0.63
CBr4,3.7
LiSbS2,1.36
Bi4I,0.0
PPdSe,0.15
KInGeS4,3.1
Cr(MoS2)2,0.0
Ca2ScSbO6,3.68
Zn0.25Ga0.75As0.75Se0.25,1.51
Eu2SnSe5,1.07
Ba2GaSbSe5,2.51
Tb(AlC)3,0.0
SbRh3,0.0
La3Te4,0.43
TiBi25O39,3.1
CaGa3Ni2,0.0
PmCd3,0.0
Sn0.03Pb0.97Se1,0.21
Cr2HO4,0.0
Sm2Fe17,0.0
Ba3In2(PO4)4,3.87
V6AgO15,0.0
Li2YbPb,0.0
Yb2Ce8O19,0.0
Cd0.07In0.93Te0.07As0.93,0.68
GdB66,1.27
Yb(IO3)3,0.0
UFe5Si3,0.0
SmB6,3.5
Cd0.01In0.99Te0.01As0.99,0.76
Li2(NiO2)3,0.0
TlSe,0.56
YbSmRh2,0.0
GaN,3.21
BaCaSn3,0.0
GaGeTe,1.1
RhSeS,0.7
BaNaB5O9,4.78
Al0.5In0.5P1,2.3
Sm2RuAu,0.0
Si0.03Ge0.97,0.67
BaSi2,1.3
Sn3P3O13,0.0
RbBr,7.2
TeSe,1.58
Hf2Si,0.0
La2Mn(SeO)2,1.6
Er(ReO4)2,0.0
GaSe,1.93
FeCuTe2,0.16
NaAlGeS4,3.6
Mn5Ge2,0.0
Mo5O14,0.0
Ga4SnSe7,2.55
Zr1.33Ta0.67N1.97O1.38,2.31
LiAl2Rh,0.0
Mn(PbO2)2,1.5
Th(GePd)2,0.0
Ca(GdS2)2,2.55
Ge3Bi3O10.5,3.3
K2RuCl6,0.0
MnS,0.0
SrTiO3,3.0
Sc(GaFe)6,0.0
Ge2Os,0.0
GdSbPd,0.0
ReBiO3,0.0
Pr1.29Lu0.71S3,1.38
Gd(CuS)3,1.62
K2Sn3(SbS5)2,2.3
YbIr2,0.0
Zn3Cu,0.0
SbPb2S2I3,2.0
Y4C7,0.0
Gd2ZrS5,1.88
Rh2S3,0.8
Te2Mo,1.08
KRuO4,0.0
K10Mn4Sn4S17,2.3
VTe2,0.0
Yb(Ga4Co)2,0.0
SrIn2(GeIr)4,0.25
TlInS2,2.2
K3UF3,0.0
Cu4W(SCl)4,0.0
LiMgBi,0.4
LiCa2Mg,0.0
Ba3Nb2CoO9,0.0
In3AgTe5,0.68
Ag2SnS3,1.26
BaTh3,0.0
TlInTe2,0.62
In6Se7,0.34
Ba3CaIr2O9,0.0
Na(GeP)3,2.06
SmSnPd,0.0
Tl4In3GaS8,2.63
CdI2,3.8
CdHg6(As2Br3)2,1.89
Pb1Se0.5S0.5,0.33
NaTl,0.0
CeScO3,3.2
PrErIn2,0.0
TbBRh3,0.0
PdS2,0.75
HgBr2,3.59
Tb5Ti5O17,0.0
Ce5Ge3,0.0
Eu2PBr,0.0
RbSbS2,1.96
LiMn2(PO4)2,0.0
ScCoGe2,0.0
TlCl,3.2
MnO2,1.3
GaTe,1.42
Cs(AsRu)2,0.0
KAlGeS4,3.5
Rb3Ag9(PS4)4,2.6
Zn0.55Hg0.45Se1,0.8
Ga1.005Sb0.995Se0.015,0.64
Na3MoO4F,4.77
VFeSb,0.46
AgPd(IO3)3,1.5
Mn3SbO8,0.0
Cs2Cd2Bi2S5,1.7
Cs3Sb2Br9,2.3
AlCoO3,0.0
RbI,5.83
Gd(NiGe)2,0.0
Na2In2GeS6,3.17
Ba2ReNiO6,0.0
Li4.5Fe0.5Te1O6,3.25
CeTl2P2S7,2.4
PrB6,4.9
Co1Te1.88,0.2
SnGeS3,2.23
LiInAg2,0.0
Ho2GeS5,2.5
Co(PO3)4,0.0
Cd3In2(Te2S)2,1.23
Nd2HfS5,0.7
In(PSe2)2,1.29
LiAlRh2,0.0
GeS2,3.43
CoPbO3,0.0
Sm2Mo2O7,0.0
Nb(Cl2O)2,0.0
Ga1.9Cu0.1S2.9,2.6
Ba2FeMoO6,0.0
K2B10H9O,0.0
Cd4P2Br3,2.19
Gd2Te3,0.74
Bi2SeI2O11,3.7
Ba3MgTa2O9,4.28
La4In5S13,0.0
CrNiP2O9,0.0
Ba3P3ClO10,6.89
Te2Au,0.0
PrTlSe2,1.18
Sn0.25Te1Pb0.75,0.04
KNbSe2O7,4.0
CdCu2SnSe4,0.96
Nb2Tl4S11,1.8
Ce(BC)2,0.0
NbRu2Cl,0.0
KZrPSe6,2.0
Bi12PO20,3.25
RbHgSbTe3,0.2
Rb4Ti3S14,1.59
NdTe2,0.48
Al9Ir2,0.0
Na2Zn3(SeO3)4,4.9
KYb2F7,0.0
Gd2AlCo2,0.0
NaIrPb,0.0
Rh0.67S2,1.5
Ho(CuSe)3,0.16
Nd2Ni7P4,0.0
Sr8Fe3N8,0.0
Sr3Bi(PO4)3,4.0
Ho(CuO2)2,0.0
Sm6Br13,0.0
RbNb3(TeO6)2,3.49
CaVO2,0.0
Yb2Sn,0.0
CaB6,4.5
Li2In2GeS6,3.45
VCo,0.0
LiMn9Se10,0.0
In2Se,0.65
DyB6,3.3
GdSe2,0.0
Ni2Mo4C,0.0
Nb3Ru,0.0
InAsI,0.41
MnTe9,2.0
CrSb2,0.14
RbWO3,0.0
Na2EuGeSe4,2.0
YAlPd,0.0
Hf3Sb,0.0
K2SmP2S7,2.59
Ga3CuTe5,1.09
CeSI,0.0
Zr2Se,0.0
Gd(CuTe)3,0.52
Tl2Te3,0.2
AgPt3,0.0
Cs2Mo15S19,0.0
K2NbCuSe4,2.14
